{
	"credit": "Made with Blockbench",
	"parent": "minecraft:item/generated",
	"textures": {
		"0": "item/apple_cider",
		"particle": "item/apple_cider"
	},
	"elements": [
		{
			"from": [6, 0, 6],
			"to": [10, 6, 10],
			"faces": {
				"north": {"uv": [0, 4, 4, 10], "texture": "#0"},
				"east": {"uv": [0, 4, 4, 10], "texture": "#0"},
				"south": {"uv": [0, 4, 4, 10], "texture": "#0"},
				"west": {"uv": [0, 4, 4, 10], "texture": "#0"},
				"up": {"uv": [0, 0, 4, 4], "texture": "#0"},
				"down": {"uv": [0, 10, 4, 14], "texture": "#0"}
			}
		},
		{
			"from": [6, 2, 5],
			"to": [10, 5, 11],
			"faces": {
				"north": {"uv": [4, 7, 8, 10], "texture": "#0"},
				"east": {"uv": [8, 4, 14, 7], "texture": "#0"},
				"south": {"uv": [4, 7, 8, 10], "texture": "#0"},
				"west": {"uv": [8, 4, 14, 7], "texture": "#0"},
				"up": {"uv": [8, 0, 14, 4], "rotation": 90, "texture": "#0"},
				"down": {"uv": [6, 12, 12, 16], "rotation": 90, "texture": "#0"}
			}
		},
		{
			"from": [5, 2, 6],
			"to": [11, 5, 10],
			"faces": {
				"north": {"uv": [8, 4, 14, 7], "texture": "#0"},
				"east": {"uv": [9, 7, 13, 10], "texture": "#0"},
				"south": {"uv": [8, 4, 14, 7], "texture": "#0"},
				"west": {"uv": [9, 7, 13, 10], "texture": "#0"},
				"up": {"uv": [8, 0, 14, 4], "texture": "#0"},
				"down": {"uv": [6, 12, 12, 16], "texture": "#0"}
			}
		},
		{
			"from": [7, 6, 7],
			"to": [9, 11, 9],
			"faces": {
				"north": {"uv": [14, 2, 16, 7], "texture": "#0"},
				"east": {"uv": [14, 2, 16, 7], "texture": "#0"},
				"south": {"uv": [14, 2, 16, 7], "texture": "#0"},
				"west": {"uv": [14, 2, 16, 7], "texture": "#0"},
				"up": {"uv": [14, 0, 16, 2], "texture": "#0"},
				"down": {"uv": [0, 0, 0, 0], "texture": "#0"}
			}
		},
		{
			"from": [6.5, 9, 6.5],
			"to": [9.5, 10, 9.5],
			"faces": {
				"north": {"uv": [13, 15, 16, 16], "texture": "#0"},
				"east": {"uv": [13, 15, 16, 16], "texture": "#0"},
				"south": {"uv": [13, 15, 16, 16], "texture": "#0"},
				"west": {"uv": [13, 15, 16, 16], "texture": "#0"},
				"up": {"uv": [13, 12, 16, 15], "texture": "#0"},
				"down": {"uv": [13, 12, 16, 15], "texture": "#0"}
			}
		}
	],
	"display": {
		"firstperson_righthand": {
			"translation": [0, 2, 0]
		},
		"firstperson_lefthand": {
			"translation": [0, 2, 0]
		},
		"ground": {
			"translation": [0, 4.5, 0],
			"scale": [0.8, 0.8, 0.8]
		},
		"gui": {
			"rotation": [0, 180, 0],
			"translation": [0, 2.25, 0]
		},
		"head": {
			"translation": [0, 17.5, 0],
			"scale": [1.5, 1.5, 1.5]
		},
		"fixed": {
			"rotation": [-90, 0, 0],
			"translation": [0, 0, -15.5],
			"scale": [2.2, 2.2, 2.2]
		}
	}
}