{
	"parent": "minecraft:item/generated",
	"credit": "Made with Blockbench",
	"texture_size": [32, 32],
	"textures": {
		"2": "item/apple_mead",
		"particle": "item/apple_mead"
	},
	"elements": [
		{
			"from": [6, 0, 6],
			"to": [10, 1, 10],
			"faces": {
				"north": {"uv": [0, 8, 2, 13], "texture": "#2"},
				"east": {"uv": [0, 8, 2, 13], "texture": "#2"},
				"south": {"uv": [0, 8, 2, 13], "texture": "#2"},
				"west": {"uv": [0, 8, 2, 13], "texture": "#2"},
				"up": {"uv": [10, 10, 8, 8], "texture": "#2"},
				"down": {"uv": [12, 0, 10, 2], "texture": "#2"}
			}
		},
		{
			"from": [6, 9, 6],
			"to": [10, 10, 10],
			"faces": {
				"north": {"uv": [0, 8, 2, 13], "texture": "#2"},
				"east": {"uv": [0, 8, 2, 13], "texture": "#2"},
				"south": {"uv": [0, 8, 2, 13], "texture": "#2"},
				"west": {"uv": [0, 8, 2, 13], "texture": "#2"},
				"up": {"uv": [10, 10, 8, 8], "texture": "#2"},
				"down": {"uv": [12, 0, 10, 2], "texture": "#2"}
			}
		},
		{
			"from": [5, 1, 5],
			"to": [11, 9, 11],
			"faces": {
				"north": {"uv": [0, 0, 3, 4], "texture": "#2"},
				"east": {"uv": [3, 0, 6, 4], "texture": "#2"},
				"south": {"uv": [0, 4, 3, 8], "texture": "#2"},
				"west": {"uv": [3, 4, 6, 8], "texture": "#2"},
				"up": {"uv": [5, 11, 2, 8], "texture": "#2"},
				"down": {"uv": [11, 5, 8, 8], "texture": "#2"}
			}
		},
		{
			"from": [7, 10, 7],
			"to": [9, 15, 9],
			"faces": {
				"north": {"uv": [7, 10, 8, 12.5], "texture": "#2"},
				"east": {"uv": [8, 10, 9, 12.5], "texture": "#2"},
				"south": {"uv": [10, 8, 11, 10.5], "texture": "#2"},
				"west": {"uv": [9, 10, 10, 12.5], "texture": "#2"},
				"up": {"uv": [6, 9, 5, 8], "texture": "#2"},
				"down": {"uv": [6, 9, 5, 10], "texture": "#2"}
			}
		},
		{
			"from": [6, 12, 6],
			"to": [10, 13, 10],
			"faces": {
				"north": {"uv": [10, 4, 12, 4.5], "texture": "#2"},
				"east": {"uv": [10, 4.5, 12, 5], "texture": "#2"},
				"south": {"uv": [10, 10.5, 12, 11], "texture": "#2"},
				"west": {"uv": [2, 11, 4, 11.5], "texture": "#2"},
				"up": {"uv": [12, 4, 10, 2], "texture": "#2"},
				"down": {"uv": [7, 10, 5, 12], "texture": "#2"}
			}
		},
		{
			"from": [6, 1, 6],
			"to": [10, 8, 10],
			"color": 2,
			"faces": {
				"north": {"uv": [0, 0, 2, 3.5], "texture": "#2"},
				"east": {"uv": [0, 0, 2, 3.5], "texture": "#2"},
				"south": {"uv": [0, 0, 2, 3.5], "texture": "#2"},
				"west": {"uv": [0, 0, 2, 3.5], "texture": "#2"},
				"up": {"uv": [0, 0, 2, 2], "texture": "#2"},
				"down": {"uv": [0, 0, 2, 2], "texture": "#2"}
			}
		}
	],
	"display": {
		"thirdperson_righthand": {
			"rotation": [0, 115, 0],
			"translation": [0, -0.25, -1],
			"scale": [0.6, 0.6, 0.6]
		},
		"thirdperson_lefthand": {
			"rotation": [0, 27, 0],
			"translation": [0, 0, -0.5],
			"scale": [0.6, 0.6, 0.6]
		},
		"firstperson_righthand": {
			"translation": [0, -1.25, 0]
		},
		"firstperson_lefthand": {
			"translation": [0, -1.5, 0]
		},
		"ground": {
			"translation": [0, 3.25, 0],
			"scale": [0.8, 0.8, 0.8]
		},
		"gui": {
			"rotation": [0, 180, 0],
			"translation": [0, 0.5, 0]
		},
		"head": {
			"translation": [0, 14.25, 0]
		},
		"fixed": {
			"rotation": [-90, 0, 0],
			"translation": [0, 0, -12.25],
			"scale": [1.7, 1.7, 1.7]
		}
	},
	"groups": [
		{
			"name": "group",
			"origin": [8, 8, 8],
			"color": 0,
			"children": [0, 1, 2, 3, 4]
		},
		5
	]
}