{
	"format_version": "1.21.11",
	"credit": "Made with Blockbench",
	"texture_size": [32, 32],
	"textures": {
		"0": "item/cup",
		"1": "item/tea",
		"2": "item/tea_packet",
		"3": "item/smoke_of_tea",
		"particle": "item/cup"
	},
	"elements": [
		{
			"from": [4.5, 1.25, 8.75],
			"to": [6, 1.75, 9.25],
			"rotation": {"x": 0, "y": 90, "z": 0, "origin": [7.875, 3.625, 8.7]},
			"faces": {
				"north": {"uv": [0, 0, 0.5, 0], "texture": "#0"},
				"east": {"uv": [0, 0, 0, 0], "texture": "#0"},
				"south": {"uv": [0.5, 0, 1, 0], "texture": "#0"},
				"west": {"uv": [0.5, 0, 0.5, 0], "texture": "#0"},
				"up": {"uv": [0.5, 0, 0, 0], "texture": "#0"},
				"down": {"uv": [1, 0, 0.5, 0], "texture": "#0"}
			}
		},
		{
			"from": [7, 0, 7],
			"to": [11, 1, 11],
			"rotation": {"x": 0, "y": 90, "z": 0, "origin": [7.875, 3.625, 8.7]},
			"faces": {
				"north": {"uv": [2, 2, 4, 2.5], "texture": "#0"},
				"east": {"uv": [0, 2, 2, 2.5], "texture": "#0"},
				"south": {"uv": [6, 2, 8, 2.5], "texture": "#0"},
				"west": {"uv": [4, 2, 6, 2.5], "texture": "#0"},
				"up": {"uv": [4, 2, 2, 0], "texture": "#0"},
				"down": {"uv": [6, 0, 4, 2], "texture": "#0"}
			}
		},
		{
			"from": [7, 1, 6],
			"to": [11, 4, 7],
			"rotation": {"x": 0, "y": 90, "z": 0, "origin": [7.875, 3.625, 8.7]},
			"faces": {
				"north": {"uv": [0.5, 6.5, 2.5, 8], "texture": "#0"},
				"east": {"uv": [0, 6.5, 0.5, 8], "texture": "#0"},
				"south": {"uv": [3, 6.5, 5, 8], "texture": "#0"},
				"west": {"uv": [2.5, 6.5, 3, 8], "texture": "#0"},
				"up": {"uv": [2.5, 6.5, 0.5, 6], "texture": "#0"},
				"down": {"uv": [4.5, 6, 2.5, 6.5], "texture": "#0"}
			}
		},
		{
			"from": [7, 1, 11],
			"to": [11, 4, 12],
			"rotation": {"x": 0, "y": 90, "z": 0, "origin": [7.875, 3.625, 8.7]},
			"faces": {
				"north": {"uv": [5.5, 6.5, 7.5, 8], "texture": "#0"},
				"east": {"uv": [5, 6.5, 5.5, 8], "texture": "#0"},
				"south": {"uv": [8, 6.5, 10, 8], "texture": "#0"},
				"west": {"uv": [7.5, 6.5, 8, 8], "texture": "#0"},
				"up": {"uv": [7.5, 6.5, 5.5, 6], "texture": "#0"},
				"down": {"uv": [9.5, 6, 7.5, 6.5], "texture": "#0"}
			}
		},
		{
			"from": [6, 1, 7],
			"to": [7, 4, 11],
			"rotation": {"x": 0, "y": 90, "z": 0, "origin": [7.875, 3.625, 8.7]},
			"faces": {
				"north": {"uv": [2, 4.5, 2.5, 6], "texture": "#0"},
				"east": {"uv": [0, 4.5, 2, 6], "texture": "#0"},
				"south": {"uv": [4.5, 4.5, 5, 6], "texture": "#0"},
				"west": {"uv": [2.5, 4.5, 4.5, 6], "texture": "#0"},
				"up": {"uv": [2.5, 4.5, 2, 2.5], "texture": "#0"},
				"down": {"uv": [3, 2.5, 2.5, 4.5], "texture": "#0"}
			}
		},
		{
			"from": [11, 1, 7],
			"to": [12, 4, 11],
			"rotation": {"x": 0, "y": 90, "z": 0, "origin": [7.875, 3.625, 8.7]},
			"faces": {
				"north": {"uv": [7, 4.5, 7.5, 6], "texture": "#0"},
				"east": {"uv": [5, 4.5, 7, 6], "texture": "#0"},
				"south": {"uv": [9.5, 4.5, 10, 6], "texture": "#0"},
				"west": {"uv": [7.5, 4.5, 9.5, 6], "texture": "#0"},
				"up": {"uv": [7.5, 4.5, 7, 2.5], "texture": "#0"},
				"down": {"uv": [8, 2.5, 7.5, 4.5], "texture": "#0"}
			}
		},
		{
			"from": [4, 1.5, 8.75],
			"to": [4.5, 3.5, 9.25],
			"rotation": {"x": 0, "y": 90, "z": 0, "origin": [7.875, 3.625, 8.7]},
			"faces": {
				"north": {"uv": [0, 0, 0, 1], "texture": "#0"},
				"east": {"uv": [0, 0, 0, 1], "texture": "#0"},
				"south": {"uv": [0, 0, 0, 1], "texture": "#0"},
				"west": {"uv": [0, 0, 0, 1], "texture": "#0"},
				"up": {"uv": [0, 0, 0, 0], "texture": "#0"},
				"down": {"uv": [0, 0, 0, 0], "texture": "#0"}
			}
		},
		{
			"from": [4.5, 3.25, 8.75],
			"to": [6, 3.75, 9.25],
			"rotation": {"x": 0, "y": 90, "z": 0, "origin": [7.875, 3.625, 8.7]},
			"faces": {
				"north": {"uv": [0, 0, 0.5, 0], "texture": "#0"},
				"east": {"uv": [0, 0, 0, 0], "texture": "#0"},
				"south": {"uv": [0.5, 0, 1, 0], "texture": "#0"},
				"west": {"uv": [0.5, 0, 0.5, 0], "texture": "#0"},
				"up": {"uv": [0.5, 0, 0, 0], "texture": "#0"},
				"down": {"uv": [1, 0, 0.5, 0], "texture": "#0"}
			}
		},
		{
			"name": "tea",
			"from": [7, 1, 7],
			"to": [11, 3.5, 11],
			"rotation": {"x": 0, "y": 90, "z": 0, "origin": [7.875, 3.625, 8.7]},
			"faces": {
				"north": {"uv": [3, 6, 5, 7], "texture": "#1"},
				"east": {"uv": [2, 3, 4, 4], "texture": "#1"},
				"south": {"uv": [8, 3, 10, 4], "texture": "#1"},
				"west": {"uv": [7, 6, 9, 7], "texture": "#1"},
				"up": {"uv": [8, 4, 4, 0], "texture": "#1"},
				"down": {"uv": [8, 7, 6, 9], "texture": "#1"}
			}
		},
		{
			"name": "smoke",
			"from": [6.45836, 3, 9.70763],
			"to": [10.45836, 10.5, 9.70763],
			"rotation": {"x": 180, "y": 45, "z": 180, "origin": [7.875, 3.625, 8.7]},
			"faces": {
				"north": {"uv": [4, 0, 12, 16], "texture": "#3"},
				"east": {"uv": [7.5, 9.5, 7.5, 13], "texture": "#3"},
				"south": {"uv": [4, 0, 12, 16], "texture": "#3"},
				"west": {"uv": [9.5, 9.5, 9.5, 13], "texture": "#3"},
				"up": {"uv": [9.5, 9.5, 7.5, 9.5], "texture": "#3"},
				"down": {"uv": [11.5, 9.5, 9.5, 9.5], "texture": "#3"}
			}
		},
		{
			"name": "smoke",
			"from": [6.175, 3, 7.575],
			"to": [10.175, 10.5, 7.575],
			"rotation": {"angle": 45, "axis": "y", "origin": [8.175, 6.75, 7.575]},
			"faces": {
				"north": {"uv": [4, 0, 12, 16], "texture": "#3"},
				"east": {"uv": [2, 4, 2, 7.5], "texture": "#3"},
				"south": {"uv": [4, 0, 12, 16], "texture": "#3"},
				"west": {"uv": [4, 4, 4, 7.5], "texture": "#3"},
				"up": {"uv": [4, 4, 2, 4], "texture": "#3"},
				"down": {"uv": [6, 4, 4, 4], "texture": "#3"}
			}
		},
		{
			"from": [8.85, 2.175, 5.9],
			"to": [9.15, 4.175, 5.9],
			"rotation": {"x": 0, "y": 90, "z": 0, "origin": [7.875, 3.625, 8.7]},
			"faces": {
				"north": {"uv": [0, 1, 0.25, 2], "texture": "#2"},
				"east": {"uv": [0, 0, 0, 1], "texture": "#2"},
				"south": {"uv": [1, 0, 1.25, 1], "texture": "#2"},
				"west": {"uv": [0, 0, 0, 1], "texture": "#2"},
				"up": {"uv": [0.25, 0, 0, 0], "texture": "#2"},
				"down": {"uv": [0.25, 0, 0, 0], "texture": "#2"}
			}
		},
		{
			"from": [8.5, 0.875, 5.9],
			"to": [9.5, 2.175, 5.9],
			"rotation": {"x": 0, "y": 90, "z": 0, "origin": [7.875, 3.625, 8.7]},
			"faces": {
				"north": {"uv": [0, 0, 0.5, 0.75], "texture": "#2"},
				"east": {"uv": [0, 0, 0, 0.75], "texture": "#2"},
				"south": {"uv": [0.5, 0, 1, 0.75], "texture": "#2"},
				"west": {"uv": [0, 0, 0, 0.75], "texture": "#2"},
				"up": {"uv": [0.5, 0, 0, 0], "texture": "#2"},
				"down": {"uv": [0.5, 0, 0, 0], "texture": "#2"}
			}
		},
		{
			"from": [8.85, 2.175, 7.149],
			"to": [9.15, 4.175, 7.149],
			"rotation": {"x": 0, "y": 90, "z": 0, "origin": [7.875, 3.625, 8.7]},
			"faces": {
				"north": {"uv": [0.5, 1, 0.75, 2], "texture": "#2"},
				"east": {"uv": [0, 0, 0, 1], "texture": "#2"},
				"south": {"uv": [1, 1, 1.25, 2], "texture": "#2"},
				"west": {"uv": [0, 0, 0, 1], "texture": "#2"},
				"up": {"uv": [0.25, 0, 0, 0], "texture": "#2"},
				"down": {"uv": [0.25, 0, 0, 0], "texture": "#2"}
			}
		},
		{
			"from": [8.85, 0.825, 8.15],
			"to": [9.15, 2.075, 8.15],
			"rotation": {"x": 0, "y": 90, "z": -90, "origin": [7.875, 3.625, 8.7]},
			"faces": {
				"north": {"uv": [1.5, 0, 1.75, 0.75], "texture": "#2"},
				"east": {"uv": [0, 0, 0, 0.75], "texture": "#2"},
				"south": {"uv": [1.5, 1, 1.75, 1.75], "texture": "#2"},
				"west": {"uv": [0, 0, 0, 0.75], "texture": "#2"},
				"up": {"uv": [0.25, 0, 0, 0], "texture": "#2"},
				"down": {"uv": [0.25, 0, 0, 0], "texture": "#2"}
			}
		}
	],
	"display": {
		"thirdperson_righthand": {
			"translation": [0, 1.75, -2],
			"scale": [0.6, 0.6, 0.6]
		},
		"thirdperson_lefthand": {
			"translation": [0, 1.75, -2],
			"scale": [0.6, 0.6, 0.6]
		},
		"firstperson_righthand": {
			"translation": [1.25, 7, 0.5]
		},
		"firstperson_lefthand": {
			"translation": [1.25, 7, 0.5]
		},
		"ground": {
			"translation": [0, 2.75, 0],
			"scale": [0.6, 0.6, 0.6]
		},
		"gui": {
			"rotation": [-132.68, 52.74, 149.67],
			"translation": [-2, 5.25, 0],
			"scale": [1.32, 1.32, 1.32]
		},
		"head": {
			"translation": [0, 15.25, 0]
		},
		"fixed": {
			"rotation": [-90, 0, 0],
			"translation": [0, 0, -7]
		}
	},
	"groups": [
		{
			"name": "cup",
			"origin": [4, -0.25, 11],
			"color": 0,
			"children": [0, 1, 2, 3, 4, 5, 6, 7]
		},
		8,
		{
			"name": "smoke",
			"origin": [9, 6.75, 9],
			"color": 0,
			"children": [9, 10]
		},
		{
			"name": "tea_packet",
			"origin": [8, 8, 8],
			"color": 0,
			"children": [11, 12, 13, 14]
		}
	]
}