{
  "credit": "Made with Blockbench",
  "texture_size": [
    32,
    32
  ],
  "textures": {
    "0": "item/eggnog",
    "particle": "item/eggnog"
  },
  "elements": [
    {
      "from": [
        4.8,
        0,
        5.9
      ],
      "to": [
        9.6,
        9,
        10.9
      ],
      "faces": {
        "north": {
          "uv": [
            0,
            0,
            3,
            4.5
          ],
          "texture": "#0"
        },
        "east": {
          "uv": [
            0,
            4.5,
            2.5,
            9
          ],
          "texture": "#0"
        },
        "south": {
          "uv": [
            3,
            0,
            6,
            4.5
          ],
          "texture": "#0"
        },
        "west": {
          "uv": [
            2.5,
            4.5,
            5,
            9
          ],
          "texture": "#0"
        },
        "up": {
          "uv": [
            8,
            7,
            5,
            4.5
          ],
          "texture": "#0"
        },
        "down": {
          "uv": [
            9,
            0,
            6,
            2.5
          ],
          "texture": "#0"
        }
      }
    },
    {
      "from": [
        -2.9,
        9.7,
        6
      ],
      "to": [
        0.5,
        13.1,
        10.8
      ],
      "rotation": {
        "angle": -45,
        "axis": "z",
        "origin": [
          0,
          0,
          0
        ]
      },
      "faces": {
        "north": {
          "uv": [
            8.5,
            2.5,
            10.5,
            4.5
          ],
          "texture": "#0"
        },
        "east": {
          "uv": [
            6,
            2.5,
            8.5,
            4.5
          ],
          "texture": "#0"
        },
        "south": {
          "uv": [
            0,
            9,
            2,
            11
          ],
          "texture": "#0"
        },
        "west": {
          "uv": [
            5,
            7,
            7.5,
            9
          ],
          "texture": "#0"
        },
        "up": {
          "uv": [
            9.5,
            9.5,
            7.5,
            7
          ],
          "texture": "#0"
        },
        "down": {
          "uv": [
            10,
            4.5,
            8,
            7
          ],
          "texture": "#0"
        }
      }
    },
    {
      "from": [
        7.1,
        10.1,
        6.1
      ],
      "to": [
        7.3,
        12.1,
        10.7
      ],
      "faces": {
        "north": {
          "uv": [
            3,
            9,
            3.5,
            10
          ],
          "texture": "#0"
        },
        "east": {
          "uv": [
            9,
            0,
            11.5,
            1
          ],
          "texture": "#0"
        },
        "south": {
          "uv": [
            3.5,
            9,
            4,
            10
          ],
          "texture": "#0"
        },
        "west": {
          "uv": [
            9,
            1,
            11.5,
            2
          ],
          "texture": "#0"
        },
        "up": {
          "uv": [
            2.5,
            11.5,
            2,
            9
          ],
          "texture": "#0"
        },
        "down": {
          "uv": [
            3,
            9,
            2.5,
            11.5
          ],
          "texture": "#0"
        }
      }
    },
    {
      "from": [
        11.7,
        0.3,
        7.4
      ],
      "to": [
        13.7,
        2.3,
        9.4
      ],
      "rotation": {
        "angle": 45,
        "axis": "z",
        "origin": [
          0,
          0,
          0
        ]
      },
      "faces": {
        "north": {
          "uv": [
            6,
            2.5,
            7,
            3.5
          ],
          "rotation": 270,
          "texture": "#0"
        },
        "east": {
          "uv": [
            6,
            2.5,
            7,
            3.5
          ],
          "rotation": 90,
          "texture": "#0"
        },
        "south": {
          "uv": [
            6,
            2.5,
            7,
            3.5
          ],
          "rotation": 90,
          "texture": "#0"
        },
        "west": {
          "uv": [
            6,
            2.5,
            7,
            3.5
          ],
          "rotation": 90,
          "texture": "#0"
        },
        "up": {
          "uv": [
            6,
            2.5,
            7,
            3.5
          ],
          "rotation": 90,
          "texture": "#0"
        },
        "down": {
          "uv": [
            6,
            2.5,
            7,
            3.5
          ],
          "rotation": 90,
          "texture": "#0"
        }
      }
    }
  ],
  "display": {
    "thirdperson_righthand": {
      "rotation": [
        177.3,
        -19,
        176.93
      ],
      "translation": [
        -1,
        0.25,
        -1
      ],
      "scale": [
        0.6,
        0.6,
        0.6
      ]
    },
    "thirdperson_lefthand": {
      "rotation": [
        0,
        -34,
        0
      ],
      "translation": [
        0.25,
        0.75,
        -1.25
      ],
      "scale": [
        0.6,
        0.6,
        0.6
      ]
    },
    "firstperson_righthand": {
      "rotation": [
        180,
        -19.25,
        180
      ],
      "translation": [
        -0.75,
        0.3,
        -0.75
      ],
      "scale": [
        0.6,
        0.6,
        0.6
      ]
    },
    "firstperson_lefthand": {
      "rotation": [
        0,
        4.75,
        0
      ],
      "translation": [
        0,
        1.05,
        0
      ],
      "scale": [
        0.6,
        0.6,
        0.6
      ]
    },
    "ground": {
      "translation": [
        0,
        1.5,
        0
      ],
      "scale": [
        0.7,
        0.7,
        0.7
      ]
    },
    "gui": {
      "rotation": [
        0,
        -90,
        0
      ],
      "translation": [
        0.5,
        2,
        0
      ]
    },
    "head": {
      "rotation": [
        -180,
        90,
        -180
      ],
      "translation": [
        -0.5,
        14.25,
        -1
      ]
    },
    "fixed": {
      "rotation": [
        -90,
        0,
        0
      ],
      "translation": [
        0,
        -0.75,
        -10.75
      ],
      "scale": [
        1.5,
        1.5,
        1.5
      ]
    }
  },
  "groups": [
    {
      "name": "group",
      "origin": [
        8,
        8,
        8
      ],
      "color": 0,
      "children": [
        0,
        1,
        2,
        3
      ]
    }
  ],
  "parent": "minecraft:item/generated"
}