{
  "credit": "Made with Blockbench",
  "texture_size": [
    32,
    32
  ],
  "textures": {
    "0": "item/gin",
    "particle": "item/gin"
  },
  "elements": [
    {
      "from": [
        6,
        0,
        6
      ],
      "to": [
        10,
        10,
        10
      ],
      "faces": {
        "north": {
          "uv": [
            0,
            0,
            2,
            5
          ],
          "texture": "#0"
        },
        "east": {
          "uv": [
            2,
            0,
            4,
            5
          ],
          "texture": "#0"
        },
        "south": {
          "uv": [
            4,
            0,
            6,
            5
          ],
          "texture": "#0"
        },
        "west": {
          "uv": [
            0,
            5,
            2,
            10
          ],
          "texture": "#0"
        },
        "up": {
          "uv": [
            4,
            7,
            2,
            5
          ],
          "texture": "#0"
        },
        "down": {
          "uv": [
            6,
            5,
            4,
            7
          ],
          "texture": "#0"
        }
      }
    },
    {
      "from": [
        7,
        10,
        7
      ],
      "to": [
        9,
        13,
        9
      ],
      "faces": {
        "north": {
          "uv": [
            6,
            0,
            7,
            1.5
          ],
          "texture": "#0"
        },
        "east": {
          "uv": [
            6,
            1.5,
            7,
            3
          ],
          "texture": "#0"
        },
        "south": {
          "uv": [
            6,
            3,
            7,
            4.5
          ],
          "texture": "#0"
        },
        "west": {
          "uv": [
            6,
            4.5,
            7,
            6
          ],
          "texture": "#0"
        },
        "up": {
          "uv": [
            7,
            7,
            6,
            6
          ],
          "texture": "#0"
        },
        "down": {
          "uv": [
            8,
            0,
            7,
            1
          ],
          "texture": "#0"
        }
      }
    },
    {
      "from": [
        7,
        1,
        7
      ],
      "to": [
        9,
        9,
        9
      ],
      "faces": {
        "north": {
          "uv": [
            8,
            0,
            9,
            4
          ],
          "texture": "#0"
        },
        "east": {
          "uv": [
            8,
            0,
            9,
            4
          ],
          "texture": "#0"
        },
        "south": {
          "uv": [
            8,
            0,
            9,
            4
          ],
          "texture": "#0"
        },
        "west": {
          "uv": [
            8,
            0,
            9,
            4
          ],
          "texture": "#0"
        },
        "up": {
          "uv": [
            8,
            0,
            9,
            1
          ],
          "texture": "#0"
        },
        "down": {
          "uv": [
            8,
            0,
            9,
            1
          ],
          "texture": "#0"
        }
      }
    }
  ],
  "display": {
    "thirdperson_righthand": {
      "rotation": [
        0,
        139,
        0
      ],
      "translation": [
        0,
        1,
        -2
      ],
      "scale": [
        0.8,
        0.8,
        0.8
      ]
    },
    "thirdperson_lefthand": {
      "rotation": [
        0,
        121,
        0
      ],
      "translation": [
        0,
        1,
        -1.5
      ],
      "scale": [
        0.8,
        0.8,
        0.8
      ]
    },
    "firstperson_righthand": {
      "rotation": [
        0,
        120,
        0
      ]
    },
    "firstperson_lefthand": {
      "rotation": [
        0,
        120,
        0
      ]
    },
    "ground": {
      "translation": [
        0,
        2.75,
        0
      ],
      "scale": [
        0.8,
        0.8,
        0.8
      ]
    },
    "head": {
      "translation": [
        0,
        18.25,
        0
      ],
      "scale": [
        1.5,
        1.5,
        1.5
      ]
    },
    "fixed": {
      "rotation": [
        -90,
        0,
        0
      ],
      "translation": [
        0,
        0,
        -14.25
      ],
      "scale": [
        2.3,
        2.3,
        2.3
      ]
    }
  },
  "groups": [
    {
      "name": "group",
      "origin": [
        8,
        8,
        8
      ],
      "color": 0,
      "children": [
        0,
        1
      ]
    },
    2
  ],
  "parent": "minecraft:item/generated"
}