{
	"format_version": "1.21.11",
	"credit": "Made with Blockbench",
	"parent": "minecraft:item/generated",
	"texture_size": [64, 64],
	"textures": {
		"0": "item/golden_vodka",
		"particle": "item/golden_vodka"
	},
	"elements": [
		{
			"from": [5, 0, 5],
			"to": [11, 18, 11],
			"faces": {
				"north": {"uv": [0, 0, 1.5, 4.5], "texture": "#0"},
				"east": {"uv": [1.5, 0, 3, 4.5], "texture": "#0"},
				"south": {"uv": [3, 0, 4.5, 4.5], "texture": "#0"},
				"west": {"uv": [0, 4.5, 1.5, 9], "texture": "#0"},
				"up": {"uv": [6, 1.5, 4.5, 0], "texture": "#0"},
				"down": {"uv": [3, 4.5, 1.5, 6], "texture": "#0"}
			}
		},
		{
			"from": [6, 18, 6],
			"to": [10, 19, 10],
			"faces": {
				"north": {"uv": [4.5, 5, 5.5, 5.25], "texture": "#0"},
				"east": {"uv": [5, 4.5, 6, 4.75], "texture": "#0"},
				"south": {"uv": [5, 4.75, 6, 5], "texture": "#0"},
				"west": {"uv": [4.5, 5.25, 5.5, 5.5], "texture": "#0"},
				"up": {"uv": [5.5, 2.5, 4.5, 1.5], "texture": "#0"},
				"down": {"uv": [5.5, 2.5, 4.5, 3.5], "texture": "#0"}
			}
		},
		{
			"from": [7, 19, 7],
			"to": [9, 25, 9],
			"faces": {
				"north": {"uv": [3, 4.5, 3.5, 6], "texture": "#0"},
				"east": {"uv": [3.5, 4.5, 4, 6], "texture": "#0"},
				"south": {"uv": [4.5, 3.5, 5, 5], "texture": "#0"},
				"west": {"uv": [4, 4.5, 4.5, 6], "texture": "#0"},
				"up": {"uv": [5.5, 4, 5, 3.5], "texture": "#0"},
				"down": {"uv": [5.5, 4, 5, 4.5], "texture": "#0"}
			}
		},
		{
			"from": [6, 1, 6],
			"to": [10, 17, 10],
			"faces": {
				"north": {"uv": [6, 0, 7, 4], "texture": "#0"},
				"east": {"uv": [6, 0, 7, 4], "texture": "#0"},
				"south": {"uv": [6, 0, 7, 4], "texture": "#0"},
				"west": {"uv": [6, 0, 7, 4], "texture": "#0"},
				"up": {"uv": [6, 0, 7, 1], "texture": "#0"},
				"down": {"uv": [6, 0, 7, 1], "texture": "#0"}
			}
		}
	],
	"display": {
		"thirdperson_righthand": {
			"rotation": [0, 138, 0],
			"translation": [0, -1.25, -1.75],
			"scale": [0.5, 0.5, 0.5]
		},
		"thirdperson_lefthand": {
			"rotation": [0, 51, 0],
			"translation": [0, -0.75, -1.25],
			"scale": [0.5, 0.5, 0.5]
		},
		"firstperson_righthand": {
			"translation": [0, -2.25, 0],
			"scale": [0.5, 0.5, 0.5]
		},
		"firstperson_lefthand": {
			"translation": [0, -2.25, 0],
			"scale": [0.5, 0.5, 0.5]
		},
		"ground": {
			"translation": [0, 0.75, 0],
			"scale": [0.6, 0.6, 0.6]
		},
		"gui": {
			"rotation": [0, -180, 0],
			"translation": [0, -2.75, 0],
			"scale": [0.6, 0.6, 0.6]
		},
		"head": {
			"translation": [0, 13.75, 0],
			"scale": [0.8, 0.8, 0.8]
		},
		"fixed": {
			"rotation": [-90, 0, 0],
			"translation": [0, 0, -9.25],
			"scale": [1.4, 1.4, 1.4]
		}
	},
	"groups": [
		{
			"name": "group",
			"origin": [8, 8, 8],
			"color": 0,
			"children": [0, 1, 2, 3]
		}
	]
}