{
  "credit": "Made with Blockbench",
  "texture_size": [
    32,
    32
  ],
  "textures": {
    "1": "item/green_absinthe"
  },
  "elements": [
    {
      "from": [
        6,
        0,
        6
      ],
      "to": [
        10,
        10,
        10
      ],
      "faces": {
        "north": {
          "uv": [
            0,
            0,
            2,
            4.5
          ],
          "texture": "#1"
        },
        "east": {
          "uv": [
            2,
            0,
            4,
            4.5
          ],
          "texture": "#1"
        },
        "south": {
          "uv": [
            4,
            0,
            6,
            4.5
          ],
          "texture": "#1"
        },
        "west": {
          "uv": [
            0,
            4.5,
            2,
            9
          ],
          "texture": "#1"
        },
        "up": {
          "uv": [
            4,
            6.5,
            2,
            4.5
          ],
          "texture": "#1"
        },
        "down": {
          "uv": [
            6,
            4.5,
            4,
            6.5
          ],
          "texture": "#1"
        }
      }
    },
    {
      "from": [
        7,
        10,
        7
      ],
      "to": [
        9,
        15,
        9
      ],
      "faces": {
        "north": {
          "uv": [
            6,
            0,
            7,
            2.5
          ],
          "texture": "#1"
        },
        "east": {
          "uv": [
            6,
            2.5,
            7,
            5
          ],
          "texture": "#1"
        },
        "south": {
          "uv": [
            6,
            5,
            7,
            7.5
          ],
          "texture": "#1"
        },
        "west": {
          "uv": [
            2,
            6.5,
            3,
            9
          ],
          "texture": "#1"
        },
        "up": {
          "uv": [
            4,
            7.5,
            3,
            6.5
          ],
          "texture": "#1"
        },
        "down": {
          "uv": [
            5,
            6.5,
            4,
            7.5
          ],
          "texture": "#1"
        }
      }
    }
  ],
  "display": {
    "thirdperson_righthand": {
      "rotation": [
        0,
        115,
        0
      ],
      "translation": [
        0,
        0.75,
        -1
      ],
      "scale": [
        0.8,
        0.8,
        0.8
      ]
    },
    "thirdperson_lefthand": {
      "rotation": [
        0,
        27,
        0
      ],
      "translation": [
        0,
        0.75,
        -0.5
      ],
      "scale": [
        0.8,
        0.8,
        0.8
      ]
    },
    "firstperson_righthand": {
      "scale": [
        0.8,
        0.8,
        0.8
      ]
    },
    "firstperson_lefthand": {
      "scale": [
        0.8,
        0.8,
        0.8
      ]
    },
    "ground": {
      "translation": [
        0,
        2.75,
        0
      ],
      "scale": [
        0.8,
        0.8,
        0.8
      ]
    },
    "gui": {
      "rotation": [
        0,
        180,
        0
      ],
      "translation": [
        0,
        0.5,
        0
      ]
    },
    "head": {
      "translation": [
        0,
        16.75,
        0
      ],
      "scale": [
        1.3,
        1.3,
        1.3
      ]
    },
    "fixed": {
      "rotation": [
        -90,
        0,
        0
      ],
      "translation": [
        0,
        0,
        -15
      ],
      "scale": [
        2,
        2,
        2
      ]
    }
  },
  "groups": [
    {
      "name": "group",
      "origin": [
        8,
        8,
        8
      ],
      "color": 0,
      "children": [
        0,
        1
      ]
    }
  ],
  "parent": "minecraft:item/generated"
}