{
	"format_version": "1.21.11",
	"credit": "Made with Blockbench",
	"parent": "minecraft:item/generated",
	"texture_size": [32, 32],
	"textures": {
		"0": "item/hot_chocolate",
		"particle": "item/hot_chocolate"
	},
	"elements": [
		{
			"from": [5, 1, 10],
			"to": [10, 8, 11],
			"rotation": {"angle": 0, "axis": "y", "origin": [8, 8, 8]},
			"faces": {
				"north": {"uv": [3, 0, 5.5, 3.5], "texture": "#0"},
				"east": {"uv": [0, 9.5, 0.5, 13], "texture": "#0"},
				"south": {"uv": [3, 3.5, 5.5, 7], "texture": "#0"},
				"west": {"uv": [0.5, 9.5, 1, 13], "texture": "#0"},
				"up": {"uv": [13, 2.5, 10.5, 2], "texture": "#0"},
				"down": {"uv": [5, 10.5, 2.5, 11], "texture": "#0"}
			}
		},
		{
			"from": [6, 1, 5],
			"to": [11, 8, 6],
			"rotation": {"angle": 0, "axis": "y", "origin": [8, 8, 8]},
			"faces": {
				"north": {"uv": [5.5, 0, 8, 3.5], "texture": "#0"},
				"east": {"uv": [1, 9.5, 1.5, 13], "texture": "#0"},
				"south": {"uv": [5.5, 3.5, 8, 7], "texture": "#0"},
				"west": {"uv": [1.5, 9.5, 2, 13], "texture": "#0"},
				"up": {"uv": [13, 3, 10.5, 2.5], "texture": "#0"},
				"down": {"uv": [13, 3, 10.5, 3.5], "texture": "#0"}
			}
		},
		{
			"from": [5, 1, 5],
			"to": [6, 8, 10],
			"rotation": {"angle": 0, "axis": "y", "origin": [8, 8, 8]},
			"faces": {
				"north": {"uv": [2, 9.5, 2.5, 13], "texture": "#0"},
				"east": {"uv": [0, 6, 2.5, 9.5], "texture": "#0"},
				"south": {"uv": [10, 0, 10.5, 3.5], "texture": "#0"},
				"west": {"uv": [2.5, 7, 5, 10.5], "texture": "#0"},
				"up": {"uv": [8.5, 6.5, 8, 4], "texture": "#0"},
				"down": {"uv": [9, 4, 8.5, 6.5], "texture": "#0"}
			}
		},
		{
			"from": [10, 1, 6],
			"to": [11, 8, 11],
			"rotation": {"angle": 0, "axis": "y", "origin": [8, 8, 8]},
			"faces": {
				"north": {"uv": [10, 3.5, 10.5, 7], "texture": "#0"},
				"east": {"uv": [5, 7, 7.5, 10.5], "texture": "#0"},
				"south": {"uv": [10, 7, 10.5, 10.5], "texture": "#0"},
				"west": {"uv": [7.5, 7, 10, 10.5], "texture": "#0"},
				"up": {"uv": [9.5, 6.5, 9, 4], "texture": "#0"},
				"down": {"uv": [10, 4, 9.5, 6.5], "texture": "#0"}
			}
		},
		{
			"from": [5, 0, 5],
			"to": [11, 1, 11],
			"rotation": {"angle": 0, "axis": "y", "origin": [8, 8, 8]},
			"faces": {
				"north": {"uv": [10.5, 0, 13.5, 0.5], "texture": "#0"},
				"east": {"uv": [10.5, 0.5, 13.5, 1], "texture": "#0"},
				"south": {"uv": [10.5, 1, 13.5, 1.5], "texture": "#0"},
				"west": {"uv": [10.5, 1.5, 13.5, 2], "texture": "#0"},
				"up": {"uv": [3, 3, 0, 0], "texture": "#0"},
				"down": {"uv": [3, 3, 0, 6], "texture": "#0"}
			}
		},
		{
			"from": [4, 5, 7.5],
			"to": [5, 6, 8.5],
			"rotation": {"angle": 0, "axis": "z", "origin": [3.75, 4.75, 7.5]},
			"faces": {
				"north": {"uv": [6.5, 10.5, 7, 11], "texture": "#0"},
				"east": {"uv": [7, 10.5, 7.5, 11], "texture": "#0"},
				"south": {"uv": [7.5, 10.5, 8, 11], "texture": "#0"},
				"west": {"uv": [10.5, 7.5, 11, 8], "texture": "#0"},
				"up": {"uv": [8.5, 11, 8, 10.5], "texture": "#0"},
				"down": {"uv": [11, 8, 10.5, 8.5], "texture": "#0"}
			}
		},
		{
			"from": [7.5, 7, 8.35],
			"to": [9.5, 8.25, 9.6],
			"rotation": {"angle": -22.5, "axis": "y", "origin": [8, 7.5, 7.85]},
			"faces": {
				"north": {"uv": [11.5, 11.5, 12.5, 12], "texture": "#0"},
				"east": {"uv": [11, 11.5, 11.5, 12], "texture": "#0"},
				"south": {"uv": [13, 11.5, 14, 12], "texture": "#0"},
				"west": {"uv": [12.5, 11.5, 13, 12], "texture": "#0"},
				"up": {"uv": [12.5, 11.5, 11.5, 11], "texture": "#0"},
				"down": {"uv": [13.5, 11, 12.5, 11.5], "texture": "#0"}
			}
		},
		{
			"from": [6.5, 7, 6.75],
			"to": [7.5, 8, 7.75],
			"rotation": {"angle": 22.5, "axis": "y", "origin": [8, 7.5, 8.25]},
			"faces": {
				"north": {"uv": [10, 10.5, 10.5, 11], "texture": "#0"},
				"east": {"uv": [10.5, 10, 11, 10.5], "texture": "#0"},
				"south": {"uv": [10.5, 10.5, 11, 11], "texture": "#0"},
				"west": {"uv": [2.5, 11, 3, 11.5], "texture": "#0"},
				"up": {"uv": [3.5, 11.5, 3, 11], "texture": "#0"},
				"down": {"uv": [4, 11, 3.5, 11.5], "texture": "#0"}
			}
		},
		{
			"from": [7.5412, 7, 6.19344],
			"to": [9.5412, 9, 8.19344],
			"rotation": {"angle": 45, "axis": "y", "origin": [8.5412, 7.5, 6.94344]},
			"faces": {
				"north": {"uv": [7, 12, 8, 13], "texture": "#0"},
				"east": {"uv": [6, 12, 7, 13], "texture": "#0"},
				"south": {"uv": [9, 12, 10, 13], "texture": "#0"},
				"west": {"uv": [8, 12, 9, 13], "texture": "#0"},
				"up": {"uv": [8, 12, 7, 11], "texture": "#0"},
				"down": {"uv": [9, 11, 8, 12], "texture": "#0"}
			}
		},
		{
			"from": [4, 2, 7.5],
			"to": [5, 3, 8.5],
			"rotation": {"angle": 0, "axis": "z", "origin": [3.75, 4.75, 7.5]},
			"faces": {
				"north": {"uv": [11, 4, 11.5, 4.5], "texture": "#0"},
				"east": {"uv": [4.5, 11, 5, 11.5], "texture": "#0"},
				"south": {"uv": [11, 4.5, 11.5, 5], "texture": "#0"},
				"west": {"uv": [11, 5, 11.5, 5.5], "texture": "#0"},
				"up": {"uv": [11.5, 6, 11, 5.5], "texture": "#0"},
				"down": {"uv": [11.5, 6, 11, 6.5], "texture": "#0"}
			}
		},
		{
			"from": [3, 2, 7.5],
			"to": [4, 6, 8.5],
			"rotation": {"angle": 0, "axis": "z", "origin": [3.75, 4.75, 7.5]},
			"faces": {
				"north": {"uv": [10.5, 3.5, 11, 5.5], "texture": "#0"},
				"east": {"uv": [5, 10.5, 5.5, 12.5], "texture": "#0"},
				"south": {"uv": [5.5, 10.5, 6, 12.5], "texture": "#0"},
				"west": {"uv": [10.5, 5.5, 11, 7.5], "texture": "#0"},
				"up": {"uv": [7, 11.5, 6.5, 11], "texture": "#0"},
				"down": {"uv": [11.5, 6.5, 11, 7], "texture": "#0"}
			}
		},
		{
			"from": [6, 7, 6],
			"to": [10, 7, 10],
			"faces": {
				"north": {"uv": [0, 0, 2, 0], "texture": "#0"},
				"east": {"uv": [0, 0, 2, 0], "texture": "#0"},
				"south": {"uv": [0, 0, 2, 0], "texture": "#0"},
				"west": {"uv": [0, 0, 2, 0], "texture": "#0"},
				"up": {"uv": [10, 2, 8, 0], "texture": "#0"},
				"down": {"uv": [10, 2, 8, 4], "texture": "#0"}
			}
		}
	],
	"display": {
		"thirdperson_righthand": {
			"rotation": [0, 105, 0],
			"translation": [-1, 0.75, -2.5],
			"scale": [0.7, 0.7, 0.7]
		},
		"thirdperson_lefthand": {
			"rotation": [0, 105, 0],
			"translation": [-1, 0.75, -2.5],
			"scale": [0.7, 0.7, 0.7]
		},
		"firstperson_righthand": {
			"rotation": [-78.24, 70.07, 85.11],
			"translation": [3.25, 3, -1.75],
			"scale": [0.7, 0.7, 0.7]
		},
		"firstperson_lefthand": {
			"rotation": [-78.24, 70.07, 85.11],
			"translation": [3.25, 3, -1.75],
			"scale": [0.7, 0.7, 0.7]
		},
		"ground": {
			"translation": [0, 2.75, 0],
			"scale": [0.5, 0.5, 0.5]
		},
		"gui": {
			"rotation": [20.91, -12.4, -14.87],
			"translation": [0.5, 3, 0]
		},
		"head": {
			"rotation": [-95, 0, 0],
			"translation": [0, 8.5, -3.75]
		},
		"fixed": {
			"rotation": [-90, 0, 0],
			"translation": [0, 0, -7]
		}
	}
}