{
	"format_version": "1.21.11",
	"credit": "Made with Blockbench",
	"textures": {
		"0": "item/the_cup",
		"1": "item/the_cofe",
		"2": "item/ice_iced_coffee",
		"particle": "item/the_cup"
	},
	"elements": [
		{
			"from": [5, 1, 6.5],
			"to": [5.5, 4.5, 9.75],
			"rotation": {"angle": 0, "axis": "y", "origin": [7.4125, 3.5625, 8.125]},
			"faces": {
				"north": {"uv": [5, 12, 6, 16], "texture": "#0"},
				"east": {"uv": [3, 8, 6, 12], "texture": "#0"},
				"south": {"uv": [8, 12, 9, 16], "texture": "#0"},
				"west": {"uv": [8, 4, 11, 8], "texture": "#0"},
				"up": {"uv": [12, 15, 11, 12], "texture": "#0"},
				"down": {"uv": [13, 11, 12, 14], "texture": "#0"}
			}
		},
		{
			"from": [9, 1, 6.5],
			"to": [9.5, 4.5, 9.75],
			"rotation": {"angle": 0, "axis": "y", "origin": [7.4125, 3.5625, 8.125]},
			"faces": {
				"north": {"uv": [11, 0, 12, 4], "texture": "#0"},
				"east": {"uv": [0, 8, 3, 12], "texture": "#0"},
				"south": {"uv": [11, 4, 12, 8], "texture": "#0"},
				"west": {"uv": [8, 0, 11, 4], "texture": "#0"},
				"up": {"uv": [10, 15, 9, 12], "texture": "#0"},
				"down": {"uv": [11, 12, 10, 15], "texture": "#0"}
			}
		},
		{
			"from": [5.5, 1, 9.75],
			"to": [9, 4.5, 10.25],
			"rotation": {"angle": 0, "axis": "y", "origin": [7.4125, 3.5625, 8.125]},
			"faces": {
				"north": {"uv": [4, 0, 8, 4], "texture": "#0"},
				"east": {"uv": [12, 0, 13, 4], "texture": "#0"},
				"south": {"uv": [4, 4, 8, 8], "texture": "#0"},
				"west": {"uv": [4, 12, 5, 16], "texture": "#0"},
				"up": {"uv": [16, 5, 12, 4], "texture": "#0"},
				"down": {"uv": [16, 5, 12, 6], "texture": "#0"}
			}
		},
		{
			"from": [5.5, 1, 6],
			"to": [9, 4.5, 6.5],
			"rotation": {"angle": 0, "axis": "y", "origin": [7.4125, 3.5625, 8.125]},
			"faces": {
				"north": {"uv": [0, 0, 4, 4], "texture": "#0"},
				"east": {"uv": [6, 11, 7, 15], "texture": "#0"},
				"south": {"uv": [0, 4, 4, 8], "texture": "#0"},
				"west": {"uv": [7, 11, 8, 15], "texture": "#0"},
				"up": {"uv": [12, 12, 8, 11], "texture": "#0"},
				"down": {"uv": [4, 12, 0, 13], "texture": "#0"}
			}
		},
		{
			"from": [5.5, 0.5, 6.5],
			"to": [9, 1, 9.75],
			"rotation": {"angle": 0, "axis": "y", "origin": [7.4125, 3.5625, 8.125]},
			"faces": {
				"north": {"uv": [12, 6, 16, 7], "texture": "#0"},
				"east": {"uv": [0, 13, 3, 14], "texture": "#0"},
				"south": {"uv": [12, 7, 16, 8], "texture": "#0"},
				"west": {"uv": [13, 0, 16, 1], "texture": "#0"},
				"up": {"uv": [10, 11, 6, 8], "texture": "#0"},
				"down": {"uv": [14, 8, 10, 11], "texture": "#0"}
			}
		},
		{
			"from": [9.45, 3.25, 8],
			"to": [10.7, 3.75, 8.5],
			"rotation": {"angle": 0, "axis": "y", "origin": [7.4125, 3.5625, 8.125]},
			"faces": {
				"north": {"uv": [13, 3, 14, 4], "texture": "#0"},
				"east": {"uv": [0, 14, 1, 15], "texture": "#0"},
				"south": {"uv": [1, 14, 2, 15], "texture": "#0"},
				"west": {"uv": [14, 1, 15, 2], "texture": "#0"},
				"up": {"uv": [3, 15, 2, 14], "texture": "#0"},
				"down": {"uv": [15, 2, 14, 3], "texture": "#0"}
			}
		},
		{
			"from": [10.45, 1.75, 8],
			"to": [10.7, 3.25, 8.5],
			"rotation": {"angle": 0, "axis": "y", "origin": [7.4125, 3.5625, 8.125]},
			"faces": {
				"north": {"uv": [13, 1, 14, 3], "texture": "#0"},
				"east": {"uv": [3, 13, 4, 15], "texture": "#0"},
				"south": {"uv": [13, 11, 14, 13], "texture": "#0"},
				"west": {"uv": [13, 13, 14, 15], "texture": "#0"},
				"up": {"uv": [15, 4, 14, 3], "texture": "#0"},
				"down": {"uv": [15, 8, 14, 9], "texture": "#0"}
			}
		},
		{
			"from": [9.45, 1.25, 8],
			"to": [10.7, 1.75, 8.5],
			"rotation": {"angle": 0, "axis": "y", "origin": [7.4125, 3.5625, 8.125]},
			"faces": {
				"north": {"uv": [14, 9, 15, 10], "texture": "#0"},
				"east": {"uv": [14, 10, 15, 11], "texture": "#0"},
				"south": {"uv": [14, 11, 15, 12], "texture": "#0"},
				"west": {"uv": [12, 14, 13, 15], "texture": "#0"},
				"up": {"uv": [15, 13, 14, 12], "texture": "#0"},
				"down": {"uv": [15, 13, 14, 14], "texture": "#0"}
			}
		},
		{
			"from": [5.5, 3.75, 6.5],
			"to": [9, 3.75, 9.75],
			"rotation": {"angle": 0, "axis": "y", "origin": [7.4125, 3.5625, 8.125]},
			"faces": {
				"north": {"uv": [0, 0, 4, 0], "texture": "#1"},
				"east": {"uv": [0, 0, 3, 0], "texture": "#1"},
				"south": {"uv": [0, 0, 4, 0], "texture": "#1"},
				"west": {"uv": [0, 0, 3, 0], "texture": "#1"},
				"up": {"uv": [4, 3, 0, 0], "texture": "#1"},
				"down": {"uv": [4, 3, 0, 6], "texture": "#1"}
			}
		},
		{
			"name": "ice",
			"from": [7.22765, 3.25, 6.74644],
			"to": [8.22765, 4.25, 7.74644],
			"rotation": {"x": 22.5, "y": 30, "z": 0, "origin": [7.72765, 3.75, 7.24644]},
			"faces": {
				"north": {"uv": [1, 1, 2, 2], "texture": "#2"},
				"east": {"uv": [0, 1, 1, 2], "texture": "#2"},
				"south": {"uv": [3, 1, 4, 2], "texture": "#2"},
				"west": {"uv": [2, 1, 3, 2], "texture": "#2"},
				"up": {"uv": [2, 1, 1, 0], "texture": "#2"},
				"down": {"uv": [3, 0, 2, 1], "texture": "#2"}
			}
		},
		{
			"name": "ice",
			"from": [5.97765, 3.5, 7.74644],
			"to": [6.97765, 4.5, 8.74644],
			"rotation": {"x": -22.5, "y": 75, "z": 0, "origin": [6.47765, 4, 8.24644]},
			"faces": {
				"north": {"uv": [1, 4, 2, 5], "texture": "#2"},
				"east": {"uv": [0, 4, 1, 5], "texture": "#2"},
				"south": {"uv": [3, 4, 4, 5], "texture": "#2"},
				"west": {"uv": [2, 4, 3, 5], "texture": "#2"},
				"up": {"uv": [2, 4, 1, 3], "texture": "#2"},
				"down": {"uv": [3, 3, 2, 4], "texture": "#2"}
			}
		},
		{
			"name": "ice",
			"from": [7.22765, 3.25, 7.99644],
			"to": [8.22765, 4.25, 8.99644],
			"rotation": {"x": -34.20584, "y": -6.25642, "z": 69.53413, "origin": [7.72765, 3.75, 8.49644]},
			"faces": {
				"north": {"uv": [1, 7, 2, 8], "texture": "#2"},
				"east": {"uv": [0, 7, 1, 8], "texture": "#2"},
				"south": {"uv": [3, 7, 4, 8], "texture": "#2"},
				"west": {"uv": [2, 7, 3, 8], "texture": "#2"},
				"up": {"uv": [2, 7, 1, 6], "texture": "#2"},
				"down": {"uv": [3, 6, 2, 7], "texture": "#2"}
			}
		}
	],
	"display": {
		"thirdperson_righthand": {
			"rotation": [-135.6, -87.9, -134.92],
			"translation": [0.5, 3.5, -2.5]
		},
		"thirdperson_lefthand": {
			"rotation": [-45, 90, 49.41],
			"translation": [-0.25, 4, -2]
		},
		"firstperson_righthand": {
			"rotation": [27.65, -63.38, 29.57],
			"translation": [1.5, 6.75, 0.5],
			"scale": [0.8, 0.8, 0.8]
		},
		"firstperson_lefthand": {
			"rotation": [-160.95, 49.87, 153.27],
			"translation": [1.75, 6, 0.5],
			"scale": [0.8, 0.8, 0.8]
		},
		"ground": {
			"translation": [0, 3.75, 0]
		},
		"gui": {
			"rotation": [27.94, -9.93, 5.24],
			"translation": [0.75, 8.25, 0],
			"scale": [1.77344, 2.12695, 1.5957]
		},
		"head": {
			"translation": [1, 14.25, 0]
		},
		"fixed": {
			"rotation": [-90, 0, 0],
			"translation": [1, 1, -6.5]
		}
	},
	"groups": [
		{
			"name": "group",
			"origin": [6.9125, 3.5625, 8.125],
			"color": 0,
			"children": [0, 1, 2, 3, 4, 5, 6, 7, 8, 9, 10, 11]
		}
	]
}