{
  "credit": "Made with Blockbench",
  "texture_size": [
    64,
    64
  ],
  "textures": {
    "0": "item/rum",
    "particle": "item/rum"
  },
  "elements": [
    {
      "from": [
        4,
        0,
        5
      ],
      "to": [
        12,
        7,
        11
      ],
      "faces": {
        "north": {
          "uv": [
            0,
            0,
            1.5,
            4.5
          ],
          "texture": "#0"
        },
        "east": {
          "uv": [
            1.5,
            0,
            3,
            4.5
          ],
          "texture": "#0"
        },
        "south": {
          "uv": [
            3,
            0,
            4.5,
            4.5
          ],
          "texture": "#0"
        },
        "west": {
          "uv": [
            0,
            4.5,
            1.5,
            9
          ],
          "texture": "#0"
        },
        "up": {
          "uv": [
            6,
            1.5,
            4.5,
            0
          ],
          "texture": "#0"
        },
        "down": {
          "uv": [
            3,
            4.5,
            1.5,
            6
          ],
          "texture": "#0"
        }
      }
    },
    {
      "from": [
        6,
        7,
        6
      ],
      "to": [
        10,
        8,
        10
      ],
      "faces": {
        "north": {
          "uv": [
            4.5,
            5,
            5.5,
            5.25
          ],
          "texture": "#0"
        },
        "east": {
          "uv": [
            5,
            4.5,
            6,
            4.75
          ],
          "texture": "#0"
        },
        "south": {
          "uv": [
            5,
            4.75,
            6,
            5
          ],
          "texture": "#0"
        },
        "west": {
          "uv": [
            4.5,
            5.25,
            5.5,
            5.5
          ],
          "texture": "#0"
        },
        "up": {
          "uv": [
            5.5,
            2.5,
            4.5,
            1.5
          ],
          "texture": "#0"
        },
        "down": {
          "uv": [
            5.5,
            2.5,
            4.5,
            3.5
          ],
          "texture": "#0"
        }
      }
    },
    {
      "from": [
        6,
        10,
        6
      ],
      "to": [
        10,
        11,
        10
      ],
      "faces": {
        "north": {
          "uv": [
            4.5,
            5,
            5.5,
            5.25
          ],
          "texture": "#0"
        },
        "east": {
          "uv": [
            5,
            4.5,
            6,
            4.75
          ],
          "texture": "#0"
        },
        "south": {
          "uv": [
            5,
            4.75,
            6,
            5
          ],
          "texture": "#0"
        },
        "west": {
          "uv": [
            4.5,
            5.25,
            5.5,
            5.5
          ],
          "texture": "#0"
        },
        "up": {
          "uv": [
            5.5,
            2.5,
            4.5,
            1.5
          ],
          "texture": "#0"
        },
        "down": {
          "uv": [
            5.5,
            2.5,
            4.5,
            3.5
          ],
          "texture": "#0"
        }
      }
    },
    {
      "from": [
        7,
        8,
        7
      ],
      "to": [
        9,
        13,
        9
      ],
      "faces": {
        "north": {
          "uv": [
            3,
            4.5,
            3.5,
            6
          ],
          "texture": "#0"
        },
        "east": {
          "uv": [
            3.5,
            4.5,
            4,
            6
          ],
          "texture": "#0"
        },
        "south": {
          "uv": [
            4.5,
            3.5,
            5,
            5
          ],
          "texture": "#0"
        },
        "west": {
          "uv": [
            4,
            4.5,
            4.5,
            6
          ],
          "texture": "#0"
        },
        "up": {
          "uv": [
            5.5,
            4,
            5,
            3.5
          ],
          "texture": "#0"
        },
        "down": {
          "uv": [
            5.5,
            4,
            5,
            4.5
          ],
          "texture": "#0"
        }
      }
    },
    {
      "from": [
        8,
        6,
        1
      ],
      "to": [
        10,
        10,
        1
      ],
      "rotation": {
        "angle": 22.5,
        "axis": "x",
        "origin": [
          0,
          0,
          0
        ]
      },
      "faces": {
        "north": {
          "uv": [
            6,
            0,
            6.5,
            1
          ],
          "rotation": 180,
          "texture": "#0"
        },
        "east": {
          "uv": [
            6,
            0,
            7,
            0
          ],
          "rotation": 90,
          "texture": "#0"
        },
        "south": {
          "uv": [
            6,
            0,
            6.5,
            1
          ],
          "texture": "#0"
        },
        "west": {
          "uv": [
            6,
            0,
            7,
            0
          ],
          "rotation": 270,
          "texture": "#0"
        },
        "up": {
          "uv": [
            6,
            0,
            6.5,
            0
          ],
          "texture": "#0"
        },
        "down": {
          "uv": [
            6,
            0,
            6.5,
            0
          ],
          "rotation": 180,
          "texture": "#0"
        }
      }
    },
    {
      "from": [
        5,
        1,
        6
      ],
      "to": [
        11,
        6,
        10
      ],
      "faces": {
        "north": {
          "uv": [
            6.5,
            0,
            8,
            1.25
          ],
          "texture": "#0"
        },
        "east": {
          "uv": [
            6.5,
            0,
            7.5,
            1.25
          ],
          "texture": "#0"
        },
        "south": {
          "uv": [
            6.5,
            0,
            8,
            1.25
          ],
          "texture": "#0"
        },
        "west": {
          "uv": [
            6.5,
            0,
            7.5,
            1.25
          ],
          "texture": "#0"
        },
        "up": {
          "uv": [
            6.5,
            0,
            8,
            1
          ],
          "texture": "#0"
        },
        "down": {
          "uv": [
            6.5,
            0,
            8,
            1
          ],
          "texture": "#0"
        }
      }
    }
  ],
  "display": {
    "thirdperson_righthand": {
      "rotation": [
        0,
        124,
        0
      ],
      "translation": [
        0,
        1.25,
        -2
      ],
      "scale": [
        0.6,
        0.6,
        0.6
      ]
    },
    "thirdperson_lefthand": {
      "rotation": [
        0,
        124,
        0
      ],
      "translation": [
        -0.25,
        1,
        -1.75
      ],
      "scale": [
        0.6,
        0.6,
        0.6
      ]
    },
    "firstperson_righthand": {
      "rotation": [
        0,
        110,
        0
      ],
      "translation": [
        0,
        1,
        0
      ],
      "scale": [
        0.5,
        0.5,
        0.5
      ]
    },
    "firstperson_lefthand": {
      "rotation": [
        0,
        110,
        0
      ],
      "translation": [
        0,
        1,
        0
      ],
      "scale": [
        0.5,
        0.5,
        0.5
      ]
    },
    "ground": {
      "translation": [
        0,
        2.25,
        0
      ],
      "scale": [
        0.7,
        0.7,
        0.7
      ]
    },
    "gui": {
      "rotation": [
        0,
        180,
        0
      ],
      "translation": [
        0,
        1.5,
        0
      ]
    },
    "head": {
      "translation": [
        0,
        14.25,
        0
      ]
    },
    "fixed": {
      "rotation": [
        -90,
        0,
        0
      ],
      "translation": [
        0,
        0,
        -11
      ],
      "scale": [
        1.5,
        1.5,
        1.5
      ]
    }
  },
  "groups": [
    {
      "name": "group",
      "origin": [
        8,
        8,
        8
      ],
      "color": 0,
      "children": [
        0,
        1,
        2,
        3,
        4
      ]
    },
    5
  ],
  "parent": "minecraft:item/generated"
}