{
  "credit": "Made with Blockbench",
  "texture_size": [
    32,
    32
  ],
  "textures": {
    "0": "item/tequila",
    "particle": "item/tequila"
  },
  "elements": [
    {
      "from": [
        4,
        0,
        6
      ],
      "to": [
        12,
        7,
        10
      ],
      "faces": {
        "north": {
          "uv": [
            0,
            0,
            4,
            3.5
          ],
          "texture": "#0"
        },
        "east": {
          "uv": [
            4,
            4,
            6,
            7.5
          ],
          "texture": "#0"
        },
        "south": {
          "uv": [
            0,
            3.5,
            4,
            7
          ],
          "texture": "#0"
        },
        "west": {
          "uv": [
            6,
            4,
            8,
            7.5
          ],
          "texture": "#0"
        },
        "up": {
          "uv": [
            8,
            2,
            4,
            0
          ],
          "texture": "#0"
        },
        "down": {
          "uv": [
            8,
            2,
            4,
            4
          ],
          "texture": "#0"
        }
      }
    },
    {
      "from": [
        7,
        7,
        7
      ],
      "to": [
        9,
        12,
        9
      ],
      "faces": {
        "north": {
          "uv": [
            0,
            7,
            1,
            9.5
          ],
          "texture": "#0"
        },
        "east": {
          "uv": [
            1,
            7,
            2,
            9.5
          ],
          "texture": "#0"
        },
        "south": {
          "uv": [
            2,
            7,
            3,
            9.5
          ],
          "texture": "#0"
        },
        "west": {
          "uv": [
            3,
            7,
            4,
            9.5
          ],
          "texture": "#0"
        },
        "up": {
          "uv": [
            5,
            8.5,
            4,
            7.5
          ],
          "texture": "#0"
        },
        "down": {
          "uv": [
            6,
            7.5,
            5,
            8.5
          ],
          "texture": "#0"
        }
      }
    },
    {
      "from": [
        6,
        9,
        6
      ],
      "to": [
        10,
        10,
        10
      ],
      "faces": {
        "north": {
          "uv": [
            0,
            4,
            1,
            6.5
          ],
          "texture": "#0"
        },
        "east": {
          "uv": [
            1,
            4,
            2,
            6.5
          ],
          "texture": "#0"
        },
        "south": {
          "uv": [
            2,
            4,
            3,
            6.5
          ],
          "texture": "#0"
        },
        "west": {
          "uv": [
            3,
            4,
            4,
            6.5
          ],
          "texture": "#0"
        },
        "up": {
          "uv": [
            5,
            5.5,
            4,
            4.5
          ],
          "texture": "#0"
        },
        "down": {
          "uv": [
            6,
            4.5,
            5,
            5.5
          ],
          "texture": "#0"
        }
      }
    },
    {
      "from": [
        5,
        1,
        7
      ],
      "to": [
        11,
        6,
        9
      ],
      "faces": {
        "north": {
          "uv": [
            9,
            0,
            12,
            2.5
          ],
          "texture": "#0"
        },
        "east": {
          "uv": [
            9,
            0,
            10,
            2.5
          ],
          "texture": "#0"
        },
        "south": {
          "uv": [
            9,
            0,
            12,
            2.5
          ],
          "texture": "#0"
        },
        "west": {
          "uv": [
            9,
            0,
            10,
            2.5
          ],
          "texture": "#0"
        },
        "up": {
          "uv": [
            9,
            0,
            12,
            1
          ],
          "texture": "#0"
        },
        "down": {
          "uv": [
            9,
            0,
            12,
            1
          ],
          "texture": "#0"
        }
      }
    },
    {
      "from": [
        6,
        6,
        2
      ],
      "to": [
        8,
        10,
        2
      ],
      "rotation": {
        "angle": 22.5,
        "axis": "x",
        "origin": [
          0,
          0,
          0
        ]
      },
      "faces": {
        "north": {
          "uv": [
            8,
            0,
            9,
            2
          ],
          "rotation": 180,
          "texture": "#0"
        },
        "east": {
          "uv": [
            0,
            0,
            2,
            0
          ],
          "rotation": 90,
          "texture": "#0"
        },
        "south": {
          "uv": [
            8,
            0,
            9,
            2
          ],
          "texture": "#0"
        },
        "west": {
          "uv": [
            0,
            0,
            2,
            0
          ],
          "rotation": 270,
          "texture": "#0"
        },
        "up": {
          "uv": [
            0,
            0,
            1,
            0
          ],
          "texture": "#0"
        },
        "down": {
          "uv": [
            0,
            0,
            1,
            0
          ],
          "rotation": 180,
          "texture": "#0"
        }
      }
    }
  ],
  "display": {
    "thirdperson_righthand": {
      "rotation": [
        0,
        122,
        0
      ],
      "translation": [
        -0.5,
        0.75,
        -1.75
      ],
      "scale": [
        0.6,
        0.6,
        0.6
      ]
    },
    "thirdperson_lefthand": {
      "rotation": [
        0,
        172,
        0
      ],
      "translation": [
        0.25,
        0.75,
        -1.25
      ],
      "scale": [
        0.6,
        0.6,
        0.6
      ]
    },
    "firstperson_righthand": {
      "rotation": [
        0,
        128,
        0
      ],
      "translation": [
        0,
        1,
        0
      ],
      "scale": [
        0.6,
        0.6,
        0.6
      ]
    },
    "firstperson_lefthand": {
      "rotation": [
        0,
        128,
        0
      ],
      "translation": [
        0,
        1,
        0
      ],
      "scale": [
        0.6,
        0.6,
        0.6
      ]
    },
    "ground": {
      "translation": [
        0,
        2.75,
        0
      ],
      "scale": [
        0.8,
        0.8,
        0.8
      ]
    },
    "gui": {
      "rotation": [
        0,
        180,
        0
      ],
      "translation": [
        0,
        2,
        0
      ]
    },
    "head": {
      "translation": [
        0,
        14.5,
        0
      ]
    },
    "fixed": {
      "rotation": [
        -90,
        0,
        0
      ],
      "translation": [
        0,
        0,
        -10.75
      ],
      "scale": [
        1.5,
        1.5,
        1.5
      ]
    }
  },
  "groups": [
    {
      "name": "group",
      "origin": [
        8,
        8,
        8
      ],
      "color": 0,
      "children": [
        0,
        1,
        2
      ]
    },
    3,
    4
  ],
  "parent": "minecraft:item/generated"
}