{
  "credit": "Made with Blockbench",
  "texture_size": [
    32,
    32
  ],
  "textures": {
    "layer0": "item/wheatbeer",
    "layer1": "item/wheatbeer"
  },
  "elements": [
    {
      "from": [
        6,
        0,
        6
      ],
      "to": [
        10,
        8,
        10
      ],
      "faces": {
        "north": {
          "uv": [
            0,
            0,
            2,
            4
          ],
          "texture": "#layer0"
        },
        "east": {
          "uv": [
            2,
            0,
            4,
            4
          ],
          "texture": "#layer0"
        },
        "south": {
          "uv": [
            0,
            4,
            2,
            8
          ],
          "texture": "#layer0"
        },
        "west": {
          "uv": [
            4,
            0,
            6,
            4
          ],
          "texture": "#layer0"
        },
        "up": {
          "uv": [
            4,
            6,
            2,
            4
          ],
          "texture": "#layer0"
        },
        "down": {
          "uv": [
            6,
            4,
            4,
            6
          ],
          "texture": "#layer0"
        }
      }
    },
    {
      "from": [
        7,
        8,
        7
      ],
      "to": [
        9,
        13,
        9
      ],
      "faces": {
        "north": {
          "uv": [
            6,
            0,
            7,
            2.5
          ],
          "texture": "#layer0"
        },
        "east": {
          "uv": [
            2,
            6,
            3,
            8.5
          ],
          "texture": "#layer0"
        },
        "south": {
          "uv": [
            6,
            2.5,
            7,
            5
          ],
          "texture": "#layer0"
        },
        "west": {
          "uv": [
            3,
            6,
            4,
            8.5
          ],
          "texture": "#layer0"
        },
        "up": {
          "uv": [
            5,
            7,
            4,
            6
          ],
          "texture": "#layer0"
        },
        "down": {
          "uv": [
            6,
            6,
            5,
            7
          ],
          "texture": "#layer0"
        }
      }
    }
  ],
  "display": {
    "thirdperson_righthand": {
      "rotation": [
        0,
        45,
        0
      ],
      "translation": [
        0,
        0.5,
        -1
      ],
      "scale": [
        0.7,
        0.7,
        0.7
      ]
    },
    "thirdperson_lefthand": {
      "rotation": [
        0,
        51,
        0
      ],
      "translation": [
        0,
        1.25,
        -1
      ],
      "scale": [
        0.7,
        0.7,
        0.7
      ]
    },
    "firstperson_righthand": {
      "rotation": [
        0,
        118,
        0
      ],
      "translation": [
        0,
        1.75,
        0
      ],
      "scale": [
        0.7,
        0.7,
        0.7
      ]
    },
    "firstperson_lefthand": {
      "translation": [
        0,
        1.75,
        0
      ],
      "scale": [
        0.7,
        0.7,
        0.7
      ]
    },
    "ground": {
      "translation": [
        0,
        1.25,
        0
      ],
      "scale": [
        0.7,
        0.7,
        0.7
      ]
    },
    "gui": {
      "rotation": [
        0,
        180,
        0
      ],
      "translation": [
        0,
        1.25,
        0
      ]
    },
    "head": {
      "translation": [
        0,
        14.25,
        0
      ]
    },
    "fixed": {
      "rotation": [
        -90,
        0,
        0
      ],
      "translation": [
        0,
        0,
        -12.5
      ],
      "scale": [
        1.8,
        1.8,
        1.8
      ]
    }
  },
  "groups": [
    {
      "name": "group",
      "origin": [
        8,
        8,
        8
      ],
      "color": 0,
      "children": [
        0,
        1
      ]
    }
  ],
  "parent": "minecraft:item/generated"
}