{
  "credit": "Made with Blockbench",
  "textures": {
    "0": "item/whiskey",
    "particle": "item/whiskey"
  },
  "elements": [
    {
      "from": [
        6,
        0,
        5
      ],
      "to": [
        10,
        8,
        9
      ],
      "faces": {
        "north": {
          "uv": [
            0,
            0,
            4,
            6
          ],
          "texture": "#0"
        },
        "east": {
          "uv": [
            4,
            0,
            8,
            6
          ],
          "texture": "#0"
        },
        "south": {
          "uv": [
            0,
            6,
            4,
            12
          ],
          "texture": "#0"
        },
        "west": {
          "uv": [
            4,
            6,
            8,
            12
          ],
          "texture": "#0"
        },
        "up": {
          "uv": [
            12,
            4,
            8,
            0
          ],
          "texture": "#0"
        },
        "down": {
          "uv": [
            12,
            4,
            8,
            8
          ],
          "texture": "#0"
        }
      }
    },
    {
      "from": [
        7,
        8,
        6
      ],
      "to": [
        9,
        12,
        8
      ],
      "faces": {
        "north": {
          "uv": [
            8,
            8,
            10,
            12
          ],
          "texture": "#0"
        },
        "east": {
          "uv": [
            10,
            8,
            12,
            12
          ],
          "texture": "#0"
        },
        "south": {
          "uv": [
            0,
            12,
            2,
            16
          ],
          "texture": "#0"
        },
        "west": {
          "uv": [
            12,
            0,
            14,
            4
          ],
          "texture": "#0"
        },
        "up": {
          "uv": [
            4,
            14,
            2,
            12
          ],
          "texture": "#0"
        },
        "down": {
          "uv": [
            6,
            12,
            4,
            14
          ],
          "texture": "#0"
        }
      }
    },
    {
      "from": [
        7,
        1,
        6
      ],
      "to": [
        9,
        7,
        8
      ],
      "faces": {
        "north": {
          "uv": [
            14,
            0,
            16,
            6
          ],
          "texture": "#0"
        },
        "east": {
          "uv": [
            14,
            0,
            16,
            6
          ],
          "texture": "#0"
        },
        "south": {
          "uv": [
            14,
            0,
            16,
            6
          ],
          "texture": "#0"
        },
        "west": {
          "uv": [
            14,
            0,
            16,
            6
          ],
          "texture": "#0"
        },
        "up": {
          "uv": [
            14,
            0,
            16,
            2
          ],
          "texture": "#0"
        },
        "down": {
          "uv": [
            14,
            0,
            16,
            2
          ],
          "texture": "#0"
        }
      }
    }
  ],
  "display": {
    "thirdperson_righthand": {
      "rotation": [
        0,
        147,
        0
      ],
      "translation": [
        0,
        2.75,
        -2.25
      ],
      "scale": [
        0.9,
        0.9,
        0.9
      ]
    },
    "thirdperson_lefthand": {
      "rotation": [
        0,
        158,
        0
      ],
      "translation": [
        0,
        3.25,
        -2.25
      ],
      "scale": [
        0.9,
        0.9,
        0.9
      ]
    },
    "ground": {
      "translation": [
        0,
        3.25,
        0.75
      ],
      "scale": [
        0.85,
        0.85,
        0.85
      ]
    },
    "gui": {
      "rotation": [
        0,
        180,
        0
      ],
      "translation": [
        0,
        2.25,
        0
      ],
      "scale": [
        1.1,
        1.1,
        1.1
      ]
    },
    "head": {
      "translation": [
        0,
        17.5,
        1.25
      ],
      "scale": [
        1.4,
        1.4,
        1.4
      ]
    },
    "fixed": {
      "rotation": [
        -90,
        0,
        0
      ],
      "translation": [
        0,
        2,
        -14.75
      ],
      "scale": [
        2,
        2,
        2
      ]
    }
  },
  "groups": [
    {
      "name": "group",
      "origin": [
        8,
        8,
        8
      ],
      "color": 0,
      "children": [
        0,
        1
      ]
    },
    2
  ],
  "parent": "minecraft:item/generated"
}