{
  "providers": [
    {"type": "bitmap", "file": "minecraft:tab/logo.png", "ascent": 30, "height": 86, "chars": ["㟔"]},
        {
            "type": "bitmap",
            "file": "minecraft:scary/screamer1.png",
            "ascent": 64,
            "height": 64,
            "chars": ["龠"]
        },
        {
            "type": "bitmap",
            "file": "minecraft:tabpreffix/crown.png",
            "ascent": 8,
            "height": 8,
            "chars": ["𰀀"]
        },
        {
            "type": "bitmap",
            "file": "minecraft:tabpreffix/white_crown.png",
            "ascent": 8,
            "height": 8,
            "chars": ["𰀁"]
        },
        {
            "type": "bitmap",
            "file": "minecraft:tabpreffix/brown_blue_crown.png",
            "ascent": 8,
            "height": 8,
            "chars": ["𰀂"]
        },
        {
            "type": "bitmap",
            "file": "minecraft:tabpreffix/anti_red__crown.png",
            "ascent": 8,
            "height": 8,
            "chars": ["𰀃"]
        },
        {
            "type": "bitmap",
            "file": "minecraft:tabpreffix/crown_ocean.png",
            "ascent": 8,
            "height": 8,
            "chars": ["𰀄"]
        },
        {
            "type": "bitmap",
            "file": "minecraft:tabpreffix/sun.png",
            "ascent": 8,
            "height": 8,
            "chars": ["𰀅"]
        },
        {
            "type": "bitmap",
            "file": "minecraft:tabpreffix/police_hat.png",
            "ascent": 8,
            "height": 8,
            "chars": ["𰀒"]
        },
        {
            "type": "bitmap",
            "file": "minecraft:item/angel.png",
            "ascent": 12,
            "height": 12,
            "chars": ["\u16A0"]
        },
        {
            "type": "bitmap",
            "file": "minecraft:item/cat.png",
            "ascent": 12,
            "height": 12,
            "chars": ["\u16A1"]
        },
        {
            "type": "bitmap",
            "file": "minecraft:item/demon.png",
            "ascent": 12,
            "height": 12,
            "chars": ["\u16A2"]
        },
        {
            "type": "bitmap",
            "file": "minecraft:item/elf.png",
            "ascent": 12,
            "height": 12,
            "chars": ["\u16A3"]
        },
        {
            "type": "bitmap",
            "file": "minecraft:item/giantgolem.png",
            "ascent": 12,
            "height": 12,
            "chars": ["\u16A4"]
        },
        {
            "type": "bitmap",
            "file": "minecraft:item/kobold.png",
            "ascent": 12,
            "height": 12,
            "chars": ["\u16A5"]
        },
        {
            "type": "bitmap",
            "file": "minecraft:item/lizzard.png",
            "ascent": 12,
            "height": 12,
            "chars": ["\u16A6"]
        },
        {
            "type": "bitmap",
            "file": "minecraft:item/orc.png",
            "ascent": 12,
            "height": 12,
            "chars": ["\u16A7"]
        },
        {
            "type": "bitmap",
            "file": "minecraft:item/piksi.png",
            "ascent": 12,
            "height": 12,
            "chars": ["\u16A8"]
        },
        {
            "type": "bitmap",
            "file": "minecraft:item/undead.png",
            "ascent": 12,
            "height": 12,
            "chars": ["\u16A9"]
        },
        {
            "type": "bitmap",
            "file": "minecraft:item/fansy_world_money.png",
            "ascent": 8,
            "height": 8,
            "chars": ["\u20BD"]
        },



        
        {
            "type":"bitmap","file":"minecraft:emojies\/face_smiling.png",
            "ascent": 7,
            "height":8,
            "chars":[
                "😀😃😄😁😆😅🤣😂🙂🙃🫠😉😊😇"]
        },
        {
            "type":"bitmap","file":"minecraft:emojies\/face_affection.png",
            "ascent": 7,
            "height":8,
            "chars":[
                "🥰😍🤩😘😗☺😚😙🥲"]
        },
        {
            "type":"bitmap","file":"minecraft:emojies\/face_tongue.png",
            "ascent": 7,
            "height":8,
            "chars":[
                "😋😛😜🤪😝🤑"]
        },
        {
            "type":"bitmap","file":"minecraft:emojies\/face_hand.png",
            "ascent": 7,
            "height":8,
            "chars":[
                "🤗🤭🫢🫣🤫🤔🫡"]
        },
        {
            "type":"bitmap","file":"minecraft:emojies\/face_neutral_skeptical.png",
            "ascent": 7,
            "height":8,
            "chars":[
                "🤐🤨😐😑😶🫥😏😒🙄😬🤥🫨"]
        },
        {
            "type":"bitmap","file":"minecraft:emojies\/face_sleepy.png",
            "ascent": 7,
            "height":8,
            "chars":[
                "😌😔😪🤤😴🫩"]
        },
        {
            "type":"bitmap","file":"minecraft:emojies\/face_unwell.png",
            "ascent": 7,
            "height":8,
            "chars":[
                "😷🤒🤕🤢🤮🤧🥵🥶🥴😵🤯"]
        },
        {
            "type":"bitmap","file":"minecraft:emojies\/face_hat.png",
            "ascent": 7,
            "height":8,
            "chars":[
                "🤠🥳🥸"]
        },
        {
            "type":"bitmap","file":"minecraft:emojies\/face_glasses.png",
            "ascent": 7,
            "height":8,
            "chars":[
                "😎🤓🧐"]
        },
        {
            "type":"bitmap","file":"minecraft:emojies\/face_concerned.png",
            "ascent": 7,
            "height":8,
            "chars":[
                "😕🫤😟🙁☹😮😯😲😳🥺🥹😦😧😨😰😥😢😭😱😖😣😞😓😩😫🥱"]
        },
        {
            "type":"bitmap","file":"minecraft:emojies\/face_negative.png",
            "ascent": 7,
            "height":8,
            "chars":[
                "😤😡😠🤬😈👿💀☠"]
        },
        {
            "type":"bitmap","file":"minecraft:emojies\/face_costume.png",
            "ascent": 7,
            "height":8,
            "chars":[
                "💩🤡👹👺👻👽👾🤖"]
        },
        {
            "type":"bitmap","file":"minecraft:emojies\/cat_face.png",
            "ascent": 7,
            "height":8,
            "chars":[
                "😺😸😹😻😼😽🙀😿😾"]
        },
        {
            "type":"bitmap","file":"minecraft:emojies\/monkey_face.png",
            "ascent": 7,
            "height":8,
            "chars":[
                "🙈🙉🙊"]
        },
        {
            "type":"bitmap","file":"minecraft:emojies\/heart.png",
            "ascent": 7,
            "height":8,
            "chars":[
                "💌💘💝💖💗💓💞💕💟❣💔❤🩷🧡💛💚💙🩵💜🤎🖤🩶🤍"]
        },
        {
            "type":"bitmap","file":"minecraft:emojies\/emotion.png",
            "ascent": 7,
            "height":8,
            "chars":[
                "💋💯💢💥💫💦💨🕳💬🗨🗯💭💤"]
        },
        {
            "type":"bitmap","file":"minecraft:emojies\/hand_fingers_open.png",
            "ascent": 7,
            "height":8,
            "chars":[
                "👋🤚🖐✋🖖🫱🫲🫳🫴🫷🫸"]
        },
        {
            "type":"bitmap","file":"minecraft:emojies\/hand_fingers_partial.png",
            "ascent": 7,
            "height":8,
            "chars":[
                "👌🤌🤏✌🤞🫰🤟🤘🤙"]
        },
        {
            "type":"bitmap","file":"minecraft:emojies\/hand_single_finger.png",
            "ascent": 7,
            "height":8,
            "chars":[
                "👈👉👆🖕👇☝🫵"]
        },
        {
            "type":"bitmap","file":"minecraft:emojies\/hand_fingers_closed.png",
            "ascent": 7,
            "height":8,
            "chars":[
                "👍👎✊👊🤛🤜"]
        },
        {
            "type":"bitmap","file":"minecraft:emojies\/hands.png",
            "ascent": 7,
            "height":8,
            "chars":[
                "👏🙌🫶👐🤲🤝🙏"]
        },
        {
            "type":"bitmap","file":"minecraft:emojies\/hand_prop.png",
            "ascent": 7,
            "height":8,
            "chars":[
                "✍💅🤳"]
        },
        {
            "type":"bitmap","file":"minecraft:emojies\/body_parts.png",
            "ascent": 7,
            "height":8,
            "chars":[
                "💪🦾🦿🦵🦶👂🦻👃🧠🫀🫁🦷🦴👀👁👅👄🫦"]
        },




        {
            "type":"bitmap","file":"minecraft:emojies\/person_symbol.png",
            "ascent": 7,
            "height":8,
            "chars":[
                "🗣👤👥🫂👪👣🫆"]
        },
        {
            "type":"bitmap","file":"minecraft:emojies\/hair_style.png",
            "ascent": 7,
            "height":8,
            "chars":[
                "🦰🦱🦳🦲"]
        },
        {
            "type":"bitmap","file":"minecraft:emojies\/animal_mammal.png",
            "ascent": 7,
            "height":8,
            "chars":[
                "🐵🐒🦍🦧🐶🐕🦮🐩🐺🦊🦝🐱🐈🦁🐯"]
        },

        {
            "type":"bitmap","file":"minecraft:emojies\/animal_amphibian.png",
            "ascent": 7,
            "height":8,
            "chars":[
                "🐸"]
        },
        {
            "type":"bitmap","file":"minecraft:emojies\/animal_reptile.png",
            "ascent": 7,
            "height":8,
            "chars":[
                "🐊🐢🦎🐍🐲🐉🦕🦖"]
        },


        {
            "type":"bitmap","file":"minecraft:emojies\/plant_flower.png",
            "ascent": 7,
            "height":8,
            "chars":[
                "💐🌸💮🪷🏵🌹🥀🌺🌻🌼🌷🪻"]
        },



        {
            "type":"bitmap","file":"minecraft:emojies\/food_prepared.png",
            "ascent": 7,
            "height":8,
            "chars":[
                "🍞🥐🥖🫓🥨🥯🥞🧇🧀🍖🍗🥩🥓🍔🍟🍕🌭🥪🌮🌯🫔🥙🧆🥚🍳🥘🍲🫕🥣🥗🍿🧈🧂🥫"]
        },




        {
            "type":"bitmap","file":"minecraft:emojies\/transport_water.png",
            "ascent": 7,
            "height":8,
            "chars":[
                "⚓🛟⛵🛶🚤🛳⛴🛥🚢"]
        },
        {
            "type":"bitmap","file":"minecraft:emojies\/transport_air.png",
            "ascent": 7,
            "height":8,
            "chars":[
                "✈🛩🛫🛬🪂💺🚁🚟🚠🚡🛰🚀🛸"]
        },
        {
            "type":"bitmap","file":"minecraft:emojies\/hotel.png",
            "ascent": 7,
            "height":8,
            "chars":[
                "🛎🧳"]
        },
        {
            "type":"bitmap","file":"minecraft:emojies\/time.png",
            "ascent": 7,
            "height":8,
            "chars":[
                "⌛⏳⌚⏰⏱⏲🕰🕛🕧🕐🕜🕑🕝🕒🕞🕓🕟🕔🕠🕕🕡🕖🕢🕗🕣🕘🕤🕙🕥🕚🕦"]
        },
        {
            "type":"bitmap","file":"minecraft:emojies\/sky_weather.png",
            "ascent": 7,
            "height":8,
            "chars":[
                "🌑🌒🌓🌔🌕🌖🌗🌘🌙🌚🌛🌜🌡☀🌝🌞🪐⭐🌟🌠🌌☁⛅⛈🌤🌥🌦🌧🌨🌩🌪🌫🌬🌀🌈🌂☂☔⛱⚡❄☃⛄☄🔥💧🌊"]
        },




        {
            "type":"bitmap","file":"minecraft:emojies\/award_medal.png",
            "ascent": 7,
            "height":8,
            "chars":[
                "🎖🏆🏅🥇🥈🥉"]
        },
        {
            "type":"bitmap","file":"minecraft:emojies\/sport.png",
            "ascent": 7,
            "height":8,
            "chars":[
                "⚽⚾🥎🏀🏐🏈🏉🎾🥏🎳🏏🏑🏒🥍🏓🏸🥊🥋🥅⛳⛸🎣🤿🎽🎿🛷🥌"]
        },



        
        {
            "type":"bitmap","file":"minecraft:emojies\/event.png",
            "ascent": 7,
            "height":8,
            "chars":[
                "🎃🎄🎆🎇🧨✨🎈🎉🎊🎋🎍🎎🎏🎐🎑🧧🎀🎁🎗🎟🎫"]
        },
        {
            "type":"bitmap","file":"minecraft:emojies\/geometric.png",
            "ascent": 7,
            "height":8,
            "chars":[
                "🔴🟠🟡🟢🔵🟣🟤⚫⚪🟥🟧🟨🟩🟦🟪🟫⬛⬜◼◻◾◽▪▫🔶🔷🔸🔹🔺🔻💠🔘🔳🔲"]
        },
        {
            "type":"bitmap","file":"minecraft:emojies\/flag.png",
            "ascent": 7,
            "height":8,
            "chars":[
                "🏁🚩🎌🏴🏳"
            ]
        }
  ]
}
