{
  "providers": [
    {"type": "bitmap", "file": "minecraft:tab/logo.png", "ascent": 30, "height": 86, "chars": ["㟔"]},
        {
            "type": "bitmap",
            "file": "minecraft:scary/screamer1.png",
            "ascent": 64,
            "height": 64,
            "chars": ["龠"]
        },
        {
            "type": "bitmap",
            "file": "minecraft:tabpreffix/crown.png",
            "ascent": 8,
            "height": 8,
            "chars": ["𰀀"]
        },
        {
            "type": "bitmap",
            "file": "minecraft:tabpreffix/white_crown.png",
            "ascent": 8,
            "height": 8,
            "chars": ["𰀁"]
        },
        {
            "type": "bitmap",
            "file": "minecraft:tabpreffix/brown_blue_crown.png",
            "ascent": 8,
            "height": 8,
            "chars": ["𰀂"]
        },
        {
            "type": "bitmap",
            "file": "minecraft:tabpreffix/anti_red__crown.png",
            "ascent": 8,
            "height": 8,
            "chars": ["𰀃"]
        },
        {
            "type": "bitmap",
            "file": "minecraft:tabpreffix/crown_ocean.png",
            "ascent": 8,
            "height": 8,
            "chars": ["𰀄"]
        },
        {
            "type": "bitmap",
            "file": "minecraft:tabpreffix/sun.png",
            "ascent": 8,
            "height": 8,
            "chars": ["𰀅"]
        },
        {
            "type": "bitmap",
            "file": "minecraft:tabpreffix/police_hat.png",
            "ascent": 8,
            "height": 8,
            "chars": ["𰀒"]
        },
        {
            "type": "bitmap",
            "file": "minecraft:item/angel.png",
            "ascent": 12,
            "height": 12,
            "chars": ["\u16A0"]
        },
        {
            "type": "bitmap",
            "file": "minecraft:item/cat.png",
            "ascent": 12,
            "height": 12,
            "chars": ["\u16A1"]
        },
        {
            "type": "bitmap",
            "file": "minecraft:item/demon.png",
            "ascent": 12,
            "height": 12,
            "chars": ["\u16A2"]
        },
        {
            "type": "bitmap",
            "file": "minecraft:item/elf.png",
            "ascent": 12,
            "height": 12,
            "chars": ["\u16A3"]
        },
        {
            "type": "bitmap",
            "file": "minecraft:item/giantgolem.png",
            "ascent": 12,
            "height": 12,
            "chars": ["\u16A4"]
        },
        {
            "type": "bitmap",
            "file": "minecraft:item/kobold.png",
            "ascent": 12,
            "height": 12,
            "chars": ["\u16A5"]
        },
        {
            "type": "bitmap",
            "file": "minecraft:item/lizzard.png",
            "ascent": 12,
            "height": 12,
            "chars": ["\u16A6"]
        },
        {
            "type": "bitmap",
            "file": "minecraft:item/orc.png",
            "ascent": 12,
            "height": 12,
            "chars": ["\u16A7"]
        },
        {
            "type": "bitmap",
            "file": "minecraft:item/piksi.png",
            "ascent": 12,
            "height": 12,
            "chars": ["\u16A8"]
        },
        {
            "type": "bitmap",
            "file": "minecraft:item/undead.png",
            "ascent": 12,
            "height": 12,
            "chars": ["\u16A9"]
        },
        {
            "type": "bitmap",
            "file": "minecraft:item/fansy_world_money.png",
            "ascent": 8,
            "height": 8,
            "chars": ["\u20BD"]
        }
  ]
}
