{
  "model": {
    "type": "select",
    "property": "custom_model_data",
    
    "cases": [
      {
        "when": "1002",
        "model": {
          "type": "model",
          "model": "item/orc"
        }
      },
      {
        "when": [
          "2003"
        ],
        "model": {
          "type": "minecraft:model",
          "model": "item/giant_copper_sword"
        }
      }
      
    ],
    "fallback": {
      "type": "model",
      "model": "item/giant_copper_sword"
    }
  }
}