{
  "model": {
    "type": "select",
    "property": "custom_model_data",
    "fallback": {
      "type": "model",
      "model": "item/iron_ingot"
    },
    "cases": [
      {
        "when": "1010",
        "model": {
          "type": "model",
          "model": "item/giantgolem"
        }
      },
      {
        "when": "1009",
        "model": {
          "type": "model",
          "model": "item/dwarf"
        }
      },
      {
        "when": "1008",
        "model": {
          "type": "model",
          "model": "item/demon"
        }
      },
      {
        "when": "1004",
        "model": {
          "type": "model",
          "model": "item/elf"
        }
      }
    ]
  }
}