{
  "model": {
    "type": "range_dispatch",
    "property": "custom_model_data",
    "entries": [
      {
        "threshold": 3001,
        "model": {
          "type": "model",
          "model": "item/absinthe"
        }
      },
      {
        "threshold": 3002,
        "model": {
          "type": "model",
          "model": "item/apple_cider"
        }
      },
      {
        "threshold": 3003,
        "model": {
          "type": "model",
          "model": "item/apple_liquor"
        }
      },
      {
        "threshold": 3004,
        "model": {
          "type": "model",
          "model": "item/apple_mead"
        }
      },
      {
        "threshold": 3005,
        "model": {
          "type": "model",
          "model": "item/coffee"
        }
      },
      {
        "threshold": 3006,
        "model": {
          "type": "model",
          "model": "item/darkbeer"
        }
      },
      {
        "threshold": 3007,
        "model": {
          "type": "model",
          "model": "item/eggnog"
        }
      },
      {
        "threshold": 3008,
        "model": {
          "type": "model",
          "model": "item/fine_beer"
        }
      },
      {
        "threshold": 3009,
        "model": {
          "type": "model",
          "model": "item/gin"
        }
      },
      {
        "threshold": 3010,
        "model": {
          "type": "model",
          "model": "item/green_absinthe"
        }
      },
      {
        "threshold": 3011,
        "model": {
          "type": "model",
          "model": "item/mead"
        }
      },
      {
        "threshold": 3012,
        "model": {
          "type": "model",
          "model": "item/mushroom_vodka"
        }
      },
      {
        "threshold": 3013,
        "model": {
          "type": "model",
          "model": "item/rum"
        }
      },
      {
        "threshold": 3014,
        "model": {
          "type": "model",
          "model": "item/tequila"
        }
      },
      {
        "threshold": 3015,
        "model": {
          "type": "model",
          "model": "item/vodka"
        }
      },
      {
        "threshold": 3016,
        "model": {
          "type": "model",
          "model": "item/wheatbeer"
        }
      },
      {
        "threshold": 3017,
        "model": {
          "type": "model",
          "model": "item/whiskey"
        }
      },
      {
        "threshold": 3018,
        "model": {
          "type": "model",
          "model": "item/wine"
        }
      },
      {
        "threshold": 3019,
        "model": {
          "type": "model",
          "model": "item/potato_soup"
        }
      },
      {
        "threshold": 3020,
        "model": {
          "type": "model",
          "model": "item/golden_vodka"
        }
      },
      {
        "threshold": 3021,
        "model": {
          "type": "model",
          "model": "item/fire_whiskey"
        }
      },
      {
        "threshold": 3022,
        "model": {
          "type": "model",
          "model": "item/hot_chocolate"
        }
      },
      {
        "threshold": 3023,
        "model": {
          "type": "model",
          "model": "item/iced_coffee"
        }
      }
    ],
    "fallback": {
      "type": "model",
      "model": "item/potion"
    }
  }
}