{
  "model": {
    "type": "select",
    "property": "minecraft:component",
    "component": "minecraft:custom_name",
    "cases": [
      {
        "when": "lilpocking",
        "model": {
          "type": "minecraft:model",
          "model": "item/lilpocking_totem_of_undying"
        }
      },
      {
        "when": "_hiraa_",
        "model": {
          "type": "minecraft:model",
          "model": "item/hiraa_totem_of_undying"
        }
      },
      {
        "when": "Fimo3ina",
        "model": {
          "type": "minecraft:model",
          "model": "item/fimo3ina_totem_of_undying"
        }
      }
    ],
    "fallback": {
      "type": "model",
      "model": "item/totem_of_undying"
    }
  }
}