{
	"format_version": "1.21.6",
	"credit": "Made with Blockbench",
	"texture_size": [64, 64],
	"textures": {
		"0": "mcpaint:block/easel",
		"particle": "mcpaint:block/easel"
	},
	"elements": [
		{
			"from": [0, -16, 8],
			"to": [2, 16, 10],
			"rotation": {"angle": -7.5, "axis": "z", "origin": [2, -16, 8]},
			"faces": {
				"north": {"uv": [1, 0, 1.5, 8], "texture": "#0"},
				"east": {"uv": [1, 0, 1.5, 8], "texture": "#0"},
				"south": {"uv": [1, 0, 1.5, 8], "texture": "#0"},
				"west": {"uv": [1, 0, 1.5, 8], "texture": "#0"},
				"up": {"uv": [0.5, 0, 1, 0.5], "texture": "#0"},
				"down": {"uv": [0.5, 0, 1, 0.5], "texture": "#0"}
			}
		},
		{
			"from": [7, -16, 8],
			"to": [9, 18, 10],
			"rotation": {"angle": 0, "axis": "z", "origin": [9, -16, 8]},
			"faces": {
				"north": {"uv": [0, 0, 0.5, 8.5], "texture": "#0"},
				"east": {"uv": [0, 0, 0.5, 8.5], "texture": "#0"},
				"south": {"uv": [0, 0, 0.5, 8.5], "texture": "#0"},
				"west": {"uv": [0, 0, 0.5, 8.5], "texture": "#0"},
				"up": {"uv": [1, 0.5, 0.5, 0], "texture": "#0"},
				"down": {"uv": [1, 0, 0.5, 0.5], "texture": "#0"}
			}
		},
		{
			"from": [7.01, -16, 17],
			"to": [9.01, 14, 19],
			"rotation": {"angle": -17.4, "axis": "x", "origin": [9, -16, 17]},
			"faces": {
				"north": {"uv": [1.5, 0, 2, 7.5], "texture": "#0"},
				"east": {"uv": [1.5, 0, 2, 7.5], "texture": "#0"},
				"south": {"uv": [1.5, 0, 2, 7.5], "texture": "#0"},
				"west": {"uv": [1.5, 0, 2, 7.5], "texture": "#0"},
				"up": {"uv": [0.5, 0, 1, 0.5], "texture": "#0"},
				"down": {"uv": [0.5, 0, 1, 0.5], "texture": "#0"}
			}
		},
		{
			"from": [7.01, -16, 0],
			"to": [9.01, 0, 2],
			"rotation": {"angle": 30, "axis": "x", "origin": [8, -16, 2]},
			"faces": {
				"north": {"uv": [2, 0, 2.5, 4], "texture": "#0"},
				"east": {"uv": [2, 0, 2.5, 4], "texture": "#0"},
				"south": {"uv": [2, 0, 2.5, 4], "texture": "#0"},
				"west": {"uv": [2, 0, 2.5, 4], "texture": "#0"},
				"up": {"uv": [0.5, 0, 1, 0.5], "texture": "#0"},
				"down": {"uv": [0.5, 0, 1, 0.5], "texture": "#0"}
			}
		},
		{
			"from": [14, -16, 8],
			"to": [16, 16, 10],
			"rotation": {"angle": 7.5, "axis": "z", "origin": [14, -16, 8]},
			"faces": {
				"north": {"uv": [1, 0, 1.5, 8], "texture": "#0"},
				"east": {"uv": [1, 0, 1.5, 8], "texture": "#0"},
				"south": {"uv": [1, 0, 1.5, 8], "texture": "#0"},
				"west": {"uv": [1, 0, 1.5, 8], "texture": "#0"},
				"up": {"uv": [0.5, 0, 1, 0.5], "texture": "#0"},
				"down": {"uv": [0.5, 0, 1, 0.5], "texture": "#0"}
			}
		},
		{
			"from": [2, -9, 8.5],
			"to": [14, -7, 9.5],
			"rotation": {"angle": 0, "axis": "y", "origin": [-1, -9, 6.5]},
			"faces": {
				"north": {"uv": [2.5, 0, 5.5, 0.5], "texture": "#0"},
				"east": {"uv": [0.5, 0.5, 0.75, 1], "texture": "#0"},
				"south": {"uv": [2.5, 0.5, 5.5, 1], "texture": "#0"},
				"west": {"uv": [0.75, 0.5, 1, 1], "texture": "#0"},
				"up": {"uv": [5.5, 1.25, 2.5, 1], "texture": "#0"},
				"down": {"uv": [5.5, 1.25, 2.5, 1.5], "texture": "#0"}
			}
		},
		{
			"from": [2, 11, 8.5],
			"to": [14, 13, 9.5],
			"rotation": {"angle": 0, "axis": "y", "origin": [-1, 11, 6.5]},
			"faces": {
				"north": {"uv": [2.5, 0, 5.5, 0.5], "texture": "#0"},
				"east": {"uv": [0.5, 0.5, 0.75, 1], "texture": "#0"},
				"south": {"uv": [2.5, 0.5, 5.5, 1], "texture": "#0"},
				"west": {"uv": [0.75, 0.5, 1, 1], "texture": "#0"},
				"up": {"uv": [5.5, 1.25, 2.5, 1], "texture": "#0"},
				"down": {"uv": [5.5, 1.25, 2.5, 1.5], "texture": "#0"}
			}
		}
	],
	"display": {
		"head": {
			"translation": [0, 24, 0]
		}
	}
}