{
	"parent": "mcpaint:block/easel",
	"elements": [
		{
			"from": [-1, -3.01, 6],
			"to": [17, -0.01, 9],
			"rotation": {"angle": 0, "axis": "y", "origin": [-1, -3, 6]},
			"faces": {
				"north": {"uv": [2.5, 1.5, 7, 2.25], "texture": "#0"},
				"east": {"uv": [2, 4.5, 2.75, 5.25], "texture": "#0"},
				"south": {"uv": [2.5, 2.25, 7, 3], "texture": "#0"},
				"west": {"uv": [2.75, 4.5, 3.5, 5.25], "texture": "#0"},
				"up": {"uv": [7, 3.75, 2.5, 3], "texture": "#0"},
				"down": {"uv": [7, 3.75, 2.5, 4.5], "texture": "#0"}
			}
		}
	]
}